file,role,direct_stories,composed_stories,shared_components,local_components,raw_controls,unresolved_vue_imports
apps/component-calling/src/App.vue,entry-or-layout,,,,,button:15,
apps/component-calling/src/pages/index.vue,page,,,@proj-airi/ui:Input | @proj-airi/ui:Textarea,,button:472,
apps/component-calling/src/plugins/plugin-component-calling-weather/components/Skeleton.vue,component,,,,,,
apps/component-calling/src/plugins/plugin-component-calling-weather/components/Weather.vue,component,,,,apps/component-calling/src/plugins/plugin-component-calling-weather/components/Skeleton.vue,,
apps/stage-pocket/src/App.vue,entry-or-layout,,,@proj-airi/stage-ui/components:OnboardingDialog | @proj-airi/stage-ui/components:StartupOverlay | @proj-airi/stage-ui/components:ToasterRoot | @proj-airi/ui-transitions:StageTransitionGroup,,,
apps/stage-pocket/src/components/AudioWaveform.vue,component,,,,,,
apps/stage-pocket/src/components/DataGui/DualEndRange.vue,component,,,,,,
apps/stage-pocket/src/components/IconAnimation.vue,component,,,,,,
apps/stage-pocket/src/components/onboarding/step-permissions.vue,component,,,@proj-airi/ui:Button | @proj-airi/ui:ScrollableArea,apps/stage-pocket/src/components/permissions/permissions-panel.vue,button:19,
apps/stage-pocket/src/components/permissions/permission-card.vue,component,,,@proj-airi/ui:Button,,,
apps/stage-pocket/src/components/permissions/permissions-panel.vue,component,,,,apps/stage-pocket/src/components/permissions/permission-card.vue,,
apps/stage-pocket/src/components/websocket-status-button.vue,component,,,@proj-airi/ui:BasicButton,,,
apps/stage-pocket/src/pages/[...all].vue,page,,,@proj-airi/ui:Button,,,
apps/stage-pocket/src/pages/devtools/audio-record.vue,page,,,,,select:49 | button:59 | button:62 | button:65,
apps/stage-pocket/src/pages/devtools/background-gradient-blending.vue,page,,,@proj-airi/ui:BasicInputFile,,button:157 | button:183,
apps/stage-pocket/src/pages/devtools/background-removal.vue,page,,,@proj-airi/ui:Button | @proj-airi/ui:Checkbox | @proj-airi/ui:GhostButton | @proj-airi/ui:InputFile,,,
apps/stage-pocket/src/pages/devtools/gesture-circle.vue,page,,,,,,
apps/stage-pocket/src/pages/devtools/notifications.vue,page,,,@proj-airi/ui:Button | @proj-airi/ui:FieldInput,,,
apps/stage-pocket/src/pages/devtools/performance-playground.vue,page,,,@proj-airi/stage-ui-three:ThreeScene,,input:312 | button:318 | button:325,
apps/stage-pocket/src/pages/devtools/use-magic-keys.vue,page,,,,,,
apps/stage-pocket/src/pages/index.vue,page,,,@proj-airi/stage-ui/components/scenes:ViewControlSlider | @proj-airi/stage-ui/components/scenes:WidgetStage,apps/stage-pocket/src/components/websocket-status-button.vue,,@proj-airi/stage-layouts/components/Layouts/Header.vue | @proj-airi/stage-layouts/components/Layouts/InteractiveArea.vue | @proj-airi/stage-layouts/components/Layouts/MobileInteractiveArea.vue
apps/stage-pocket/src/pages/settings/account/index.vue,page,,,,packages/stage-pages/src/pages/settings/account/account-settings-page.vue,,
apps/stage-pocket/src/pages/settings/connection/index.vue,page,,,@proj-airi/stage-ui/components:ConnectionSettings,apps/stage-pocket/src/pages/settings/connection/server-channel-qr-scanner.vue,,
apps/stage-pocket/src/pages/settings/connection/server-channel-qr-scanner.vue,page,,,@proj-airi/ui:GhostButton,,,
apps/stage-pocket/src/pages/settings/system/developer.vue,page,,,@proj-airi/stage-ui/components:CheckBar | @proj-airi/stage-ui/components:IconItem,,,
apps/stage-pocket/src/pages/settings/system/index.vue,page,,,@proj-airi/stage-ui/components:IconItem | @proj-airi/stage-ui/components:RippleGrid,,,
apps/stage-pocket/src/pages/settings/system/permissions.vue,page,,,,apps/stage-pocket/src/components/permissions/permissions-panel.vue,,
apps/stage-tamagotchi-kirie/src-web/src/renderer/App.vue,entry-or-layout,,,@proj-airi/stage-ui/components:ToasterRoot | @proj-airi/ui:ErrorBoundary,apps/stage-tamagotchi-kirie/src-web/src/renderer/components/microphone-permission-prompt.vue,,
apps/stage-tamagotchi-kirie/src-web/src/renderer/components/IconAnimation.vue,component,,,,,,
apps/stage-tamagotchi-kirie/src-web/src/renderer/components/InteractiveArea.vue,component,,,@proj-airi/stage-ui/components:ChatHistory | @proj-airi/stage-ui/components:JournalPreviewModal | @proj-airi/stage-ui/components/scenarios/chat:ChatReplyPreview | @proj-airi/ui:BasicTextarea,apps/stage-tamagotchi-kirie/src-web/src/renderer/components/chat-image-attachment-preview.vue | apps/stage-tamagotchi-kirie/src-web/src/renderer/components/chat-viewport-layout.vue,button:303 | button:332 | button:378 | button:397 | button:411 | input:423,
apps/stage-tamagotchi-kirie/src-web/src/renderer/components/Window/TitleBar.vue,component,,,,,,
apps/stage-tamagotchi-kirie/src-web/src/renderer/components/WindowRouterLink.vue,component,,,,,,
apps/stage-tamagotchi-kirie/src-web/src/renderer/components/WithScreenCapture.vue,component,,,@proj-airi/ui:Button | @proj-airi/ui:Callout,,,
apps/stage-tamagotchi-kirie/src-web/src/renderer/components/chat-image-attachment-preview.vue,component,,,,,button:22,
apps/stage-tamagotchi-kirie/src-web/src/renderer/components/chat-tool-renderers/journal-tool-call-block.vue,component,,,@proj-airi/stage-ui/components:ChatToolCallShell | @proj-airi/stage-ui/components:MarkdownRenderer | @proj-airi/ui:ContainerError,,,
apps/stage-tamagotchi-kirie/src-web/src/renderer/components/chat-viewport-layout.vue,component,,,,,,
apps/stage-tamagotchi-kirie/src-web/src/renderer/components/microphone-permission-prompt.vue,component,,,@proj-airi/ui:Button,,,
apps/stage-tamagotchi-kirie/src-web/src/renderer/components/stage-islands/controls-island/control-button-tooltip.vue,component,,,,,,
apps/stage-tamagotchi-kirie/src-web/src/renderer/components/stage-islands/controls-island/control-button.vue,component,,,@proj-airi/ui:OverlayButton,,,
apps/stage-tamagotchi-kirie/src-web/src/renderer/components/stage-islands/controls-island/controls-island-auth-button.vue,component,,,@proj-airi/ui:Avatar,,button:99 | button:155,
apps/stage-tamagotchi-kirie/src-web/src/renderer/components/stage-islands/controls-island/controls-island-fade-on-hover.vue,component,,,,apps/stage-tamagotchi-kirie/src-web/src/renderer/components/stage-islands/controls-island/control-button-tooltip.vue | apps/stage-tamagotchi-kirie/src-web/src/renderer/components/stage-islands/controls-island/control-button.vue,,
apps/stage-tamagotchi-kirie/src-web/src/renderer/components/stage-islands/controls-island/controls-island-hearing-config.vue,component,,,@proj-airi/stage-ui/components:HearingConfigDialog,,,
apps/stage-tamagotchi-kirie/src-web/src/renderer/components/stage-islands/controls-island/controls-island-profile-picker.vue,component,,,@proj-airi/stage-ui/components:ProfileSwitcherPopover,,,
apps/stage-tamagotchi-kirie/src-web/src/renderer/components/stage-islands/controls-island/controls-island-root.vue,component,,,,,,
apps/stage-tamagotchi-kirie/src-web/src/renderer/components/stage-islands/controls-island/controls-island-stop-speaking.vue,component,,,,apps/stage-tamagotchi-kirie/src-web/src/renderer/components/stage-islands/controls-island/control-button-tooltip.vue | apps/stage-tamagotchi-kirie/src-web/src/renderer/components/stage-islands/controls-island/control-button.vue,,
apps/stage-tamagotchi-kirie/src-web/src/renderer/components/stage-islands/controls-island/index.vue,component,,,@proj-airi/ui:ScrollableArea,apps/stage-tamagotchi-kirie/src-web/src/renderer/components/stage-islands/status-island/index.vue | apps/stage-tamagotchi-kirie/src-web/src/renderer/components/stage-islands/controls-island/control-button-tooltip.vue | apps/stage-tamagotchi-kirie/src-web/src/renderer/components/stage-islands/controls-island/control-button.vue | apps/stage-tamagotchi-kirie/src-web/src/renderer/components/stage-islands/controls-island/controls-island-auth-button.vue | apps/stage-tamagotchi-kirie/src-web/src/renderer/components/stage-islands/controls-island/controls-island-fade-on-hover.vue | apps/stage-tamagotchi-kirie/src-web/src/renderer/components/stage-islands/controls-island/controls-island-hearing-config.vue | apps/stage-tamagotchi-kirie/src-web/src/renderer/components/stage-islands/controls-island/controls-island-profile-picker.vue | apps/stage-tamagotchi-kirie/src-web/src/renderer/components/stage-islands/controls-island/controls-island-stop-speaking.vue | apps/stage-tamagotchi-kirie/src-web/src/renderer/components/stage-islands/controls-island/indicator-mic-volume.vue,,
apps/stage-tamagotchi-kirie/src-web/src/renderer/components/stage-islands/controls-island/indicator-mic-volume.vue,component,,,,,,
apps/stage-tamagotchi-kirie/src-web/src/renderer/components/stage-islands/resource-status-island/index.vue,component,,,@proj-airi/ui:TransitionVertical,apps/stage-tamagotchi-kirie/src-web/src/renderer/components/stage-islands/resource-status-island/loading-modules.vue,,
apps/stage-tamagotchi-kirie/src-web/src/renderer/components/stage-islands/resource-status-island/loading-component-detail.vue,component,,,,,,
apps/stage-tamagotchi-kirie/src-web/src/renderer/components/stage-islands/resource-status-island/loading-component.vue,component,,,@proj-airi/ui:Progress,,,
apps/stage-tamagotchi-kirie/src-web/src/renderer/components/stage-islands/resource-status-island/loading-modules.vue,component,,,,apps/stage-tamagotchi-kirie/src-web/src/renderer/components/WindowRouterLink.vue | apps/stage-tamagotchi-kirie/src-web/src/renderer/components/stage-islands/resource-status-island/loading-component.vue,,
apps/stage-tamagotchi-kirie/src-web/src/renderer/components/stage-islands/status-island/index.vue,component,,,,apps/stage-tamagotchi-kirie/src-web/src/renderer/components/stage-islands/controls-island/control-button-tooltip.vue | apps/stage-tamagotchi-kirie/src-web/src/renderer/components/stage-islands/controls-island/control-button.vue,,
apps/stage-tamagotchi-kirie/src-web/src/renderer/layouts/default.vue,entry-or-layout,,,,,,
apps/stage-tamagotchi-kirie/src-web/src/renderer/layouts/settings.vue,entry-or-layout,,,@proj-airi/stage-ui/components:PageHeader,apps/stage-tamagotchi-kirie/src-web/src/renderer/components/Window/TitleBar.vue,,
apps/stage-tamagotchi-kirie/src-web/src/renderer/layouts/stage.vue,entry-or-layout,,,,,,
apps/stage-tamagotchi-kirie/src-web/src/renderer/pages/about.vue,page,,,@proj-airi/stage-ui/components:AboutContent | @proj-airi/stage-ui/components:BugReportDialog | @proj-airi/stage-ui/components:MarkdownRenderer | @proj-airi/ui:Button | @proj-airi/ui:ContainerError | @proj-airi/ui:DoubleCheckButton | @proj-airi/ui:FieldSelect | @proj-airi/ui:Progress | @proj-airi/ui:ScrollableArea,,,
apps/stage-tamagotchi-kirie/src-web/src/renderer/pages/caption.vue,page,,,@proj-airi/stage-ui/components:PoppinText,,,
apps/stage-tamagotchi-kirie/src-web/src/renderer/pages/chat-page-shell.vue,page,,,,,,
apps/stage-tamagotchi-kirie/src-web/src/renderer/pages/chat.vue,page,,,@proj-airi/stage-ui/components:ChatSessionsDrawer,apps/stage-tamagotchi-kirie/src-web/src/renderer/components/InteractiveArea.vue | apps/stage-tamagotchi-kirie/src-web/src/renderer/components/Window/TitleBar.vue | apps/stage-tamagotchi-kirie/src-web/src/renderer/pages/chat-page-shell.vue,button:36 | button:49,
apps/stage-tamagotchi-kirie/src-web/src/renderer/pages/dashboard/index.vue,page,,,,,,
apps/stage-tamagotchi-kirie/src-web/src/renderer/pages/desktop-overlay.vue,page,,,,,,
apps/stage-tamagotchi-kirie/src-web/src/renderer/pages/devtools/global-shortcut.vue,page,,,@proj-airi/ui:Button | @proj-airi/ui:FieldCheckbox | @proj-airi/ui:FieldInput,,,
apps/stage-tamagotchi-kirie/src-web/src/renderer/pages/devtools/index.vue,page,,,,,,
apps/stage-tamagotchi-kirie/src-web/src/renderer/pages/devtools/live2d-motion.vue,page,,,@proj-airi/stage-ui/features/devtools/motion/live2d:Live2DMotionDevtools | @proj-airi/ui:BasicButton,,,
apps/stage-tamagotchi-kirie/src-web/src/renderer/pages/devtools/performance-visualizer.vue,page,,,@proj-airi/stage-ui/components:ButtonBar,,,
apps/stage-tamagotchi-kirie/src-web/src/renderer/pages/devtools/screen-capture.vue,page,,,@proj-airi/ui:Button | @proj-airi/ui:SelectTab,apps/stage-tamagotchi-kirie/src-web/src/renderer/components/WithScreenCapture.vue,button:291,
apps/stage-tamagotchi-kirie/src-web/src/renderer/pages/devtools/updater.vue,page,,,@proj-airi/ui:Button | @proj-airi/ui:Callout | @proj-airi/ui:Progress,,,
apps/stage-tamagotchi-kirie/src-web/src/renderer/pages/devtools/use-electron-all-displays.vue,page,,,,,,
apps/stage-tamagotchi-kirie/src-web/src/renderer/pages/devtools/use-electron-relative-mouse.vue,page,,,,,,
apps/stage-tamagotchi-kirie/src-web/src/renderer/pages/devtools/use-magic-keys.vue,page,,,,,,
apps/stage-tamagotchi-kirie/src-web/src/renderer/pages/devtools/use-window-mouse.vue,page,,,,,,
apps/stage-tamagotchi-kirie/src-web/src/renderer/pages/devtools/vision.vue,page,,,@proj-airi/stage-ui/components:ProcessingMeter | @proj-airi/ui:Button | @proj-airi/ui:FieldCheckbox | @proj-airi/ui:FieldCombobox | @proj-airi/ui:FieldRange | @proj-airi/ui:SelectTab,apps/stage-tamagotchi-kirie/src-web/src/renderer/components/WithScreenCapture.vue,button:382 | button:407 | textarea:560,
apps/stage-tamagotchi-kirie/src-web/src/renderer/pages/devtools/widgets-calling.vue,page,,,@proj-airi/ui:Button | @proj-airi/ui:FieldCheckbox | @proj-airi/ui:FieldCombobox | @proj-airi/ui:FieldInput | @proj-airi/ui:FieldTextArea,,,
apps/stage-tamagotchi-kirie/src-web/src/renderer/pages/editor/index.vue,page,,,,,,
apps/stage-tamagotchi-kirie/src-web/src/renderer/pages/index.vue,page,,,@proj-airi/stage-ui/components:HoloCoupon | @proj-airi/stage-ui/components:VoiceDrafts | @proj-airi/stage-ui/components:VoiceMessageControls | @proj-airi/stage-ui/components/scenes:WidgetStage,apps/stage-tamagotchi-kirie/src-web/src/renderer/components/stage-islands/controls-island/controls-island-root.vue | apps/stage-tamagotchi-kirie/src-web/src/renderer/components/stage-islands/controls-island/index.vue | apps/stage-tamagotchi-kirie/src-web/src/renderer/components/stage-islands/resource-status-island/index.vue,,
apps/stage-tamagotchi-kirie/src-web/src/renderer/pages/inlay/index.vue,page,,,@proj-airi/ui:FieldCombobox,,,
apps/stage-tamagotchi-kirie/src-web/src/renderer/pages/notice/fade-on-hover.vue,page,,,@proj-airi/ui:Button | @proj-airi/ui:Checkbox | @proj-airi/ui:TransitionVertical,,,
apps/stage-tamagotchi-kirie/src-web/src/renderer/pages/notice/index.vue,page,,,,,,
apps/stage-tamagotchi-kirie/src-web/src/renderer/pages/onboarding.vue,page,,,@proj-airi/stage-ui/components:OnboardingScreen,,,
apps/stage-tamagotchi-kirie/src-web/src/renderer/pages/settings/account/index.vue,page,,,,packages/stage-pages/src/pages/settings/account/account-settings-page.vue,,
apps/stage-tamagotchi-kirie/src-web/src/renderer/pages/settings/connection/index.vue,page,,,@proj-airi/stage-ui/components:ConnectionSettings | @proj-airi/ui:Callout | @proj-airi/ui:FieldCheckbox | @proj-airi/ui:IconButton | @proj-airi/ui:Input,apps/stage-tamagotchi-kirie/src-web/src/renderer/pages/settings/connection/server-channel-qr-card.vue,,
apps/stage-tamagotchi-kirie/src-web/src/renderer/pages/settings/connection/server-channel-qr-card.vue,page,,,@proj-airi/ui:Callout | @proj-airi/ui:Collapsible | @proj-airi/ui:GhostButton,,button:100 | button:170,
apps/stage-tamagotchi-kirie/src-web/src/renderer/pages/settings/data/components/desktop-folder-section.vue,page,,,@proj-airi/ui:Button,,,
apps/stage-tamagotchi-kirie/src-web/src/renderer/pages/settings/data/components/desktop-reset-section.vue,page,,,@proj-airi/ui:Button | @proj-airi/ui:DoubleCheckButton,,,
apps/stage-tamagotchi-kirie/src-web/src/renderer/pages/settings/data/index.vue,page,,,,packages/stage-pages/src/pages/settings/data/components/chats-section.vue | packages/stage-pages/src/pages/settings/data/components/danger-section.vue | packages/stage-pages/src/pages/settings/data/components/models-modules-section.vue | packages/stage-pages/src/pages/settings/data/components/status-banner.vue | apps/stage-tamagotchi-kirie/src-web/src/renderer/pages/settings/data/components/desktop-folder-section.vue | apps/stage-tamagotchi-kirie/src-web/src/renderer/pages/settings/data/components/desktop-reset-section.vue,,
apps/stage-tamagotchi-kirie/src-web/src/renderer/pages/settings/index.vue,page,,,@proj-airi/stage-ui/components:IconItem,,,
apps/stage-tamagotchi-kirie/src-web/src/renderer/pages/settings/models/index.vue,page,,,@proj-airi/stage-ui/components/scenarios/settings/model-settings:ModelSettingsPanel | @proj-airi/ui:Callout | @proj-airi/ui:GhostButton,,,
apps/stage-tamagotchi-kirie/src-web/src/renderer/pages/settings/modules/components/McpConnectionTestPanel.vue,page,,,@proj-airi/ui:Button | @proj-airi/ui:Callout | @proj-airi/ui:FieldSelect,,,
apps/stage-tamagotchi-kirie/src-web/src/renderer/pages/settings/modules/components/McpJsonEditor.vue,page,,,@proj-airi/ui:Button | @proj-airi/ui:Callout | @proj-airi/ui:GhostButton,,textarea:43,
apps/stage-tamagotchi-kirie/src-web/src/renderer/pages/settings/modules/components/McpServerForm.vue,page,,,@proj-airi/ui:Button | @proj-airi/ui:FieldInput | @proj-airi/ui:FieldKeyValues | @proj-airi/ui:GhostButton,,,
apps/stage-tamagotchi-kirie/src-web/src/renderer/pages/settings/modules/mcp.vue,page,,,@proj-airi/ui:Button | @proj-airi/ui:Callout | @proj-airi/ui:Checkbox | @proj-airi/ui:GhostButton | @proj-airi/ui:TransitionVertical,apps/stage-tamagotchi-kirie/src-web/src/renderer/pages/settings/modules/components/McpConnectionTestPanel.vue | apps/stage-tamagotchi-kirie/src-web/src/renderer/pages/settings/modules/components/McpJsonEditor.vue | apps/stage-tamagotchi-kirie/src-web/src/renderer/pages/settings/modules/components/McpServerForm.vue,button:403,
apps/stage-tamagotchi-kirie/src-web/src/renderer/pages/settings/system/developer.vue,page,,,@proj-airi/stage-ui/components:ButtonBar | @proj-airi/stage-ui/components:CheckBar | @proj-airi/stage-ui/components:IconItem,,,
apps/stage-tamagotchi-kirie/src-web/src/renderer/pages/settings/system/general.vue,page,,,,packages/stage-pages/src/components/settings-general-fields.vue,,
apps/stage-tamagotchi-kirie/src-web/src/renderer/pages/settings/system/index.vue,page,,,@proj-airi/stage-ui/components:IconItem,,,
apps/stage-tamagotchi-kirie/src-web/src/renderer/pages/settings/system/permissions.vue,page,,,@proj-airi/ui:Button,,,
apps/stage-tamagotchi-kirie/src-web/src/renderer/pages/settings/system/window-shortcuts.vue,page,,,@proj-airi/ui:Button,,button:127,
apps/stage-tamagotchi-kirie/src-web/src/renderer/pages/spotlight.vue,page,,,,,input:107,
apps/stage-tamagotchi-kirie/src-web/src/renderer/pages/widgets.vue,page,,,,,button:242 | button:261,
apps/stage-tamagotchi-kirie/src-web/src/renderer/widgets/artistry/components/Comfy.vue,component,,,@proj-airi/ui:ScrollableArea,,button:218 | button:224 | button:233 | button:247 | button:264 | button:305,
apps/stage-tamagotchi-kirie/src-web/src/renderer/widgets/extension-ui/components/extension-ui-host.vue,component,,,,,,
apps/stage-tamagotchi-kirie/src-web/src/renderer/widgets/map/components/Map.vue,component,,,,,,
apps/stage-tamagotchi-kirie/src-web/src/renderer/widgets/weather/components/Skeleton.vue,component,,,,,,
apps/stage-tamagotchi-kirie/src-web/src/renderer/widgets/weather/components/Weather.vue,component,,,,apps/stage-tamagotchi-kirie/src-web/src/renderer/widgets/weather/components/Skeleton.vue,,
apps/stage-tamagotchi/src/renderer/App.vue,entry-or-layout,,,@proj-airi/stage-ui/components:ToasterRoot,apps/stage-tamagotchi/src/renderer/components/ResizeHandler.vue,,
apps/stage-tamagotchi/src/renderer/components/IconAnimation.vue,component,,,,,,
apps/stage-tamagotchi/src/renderer/components/InteractiveArea.vue,component,,,@proj-airi/stage-ui/components:ChatHistory | @proj-airi/stage-ui/components:HearingConfigDialog | @proj-airi/stage-ui/components:JournalPreviewModal | @proj-airi/stage-ui/components/scenarios/chat:ChatImageAttachmentPreview | @proj-airi/stage-ui/components/scenarios/chat:ChatReplyPreview | @proj-airi/ui:BasicButton | @proj-airi/ui:BasicTextarea | @proj-airi/ui:Callout | @proj-airi/ui:GhostButton,apps/stage-tamagotchi/src/renderer/components/chat-viewport-layout.vue,button:399 | button:473 | input:634,
apps/stage-tamagotchi/src/renderer/components/ResizeHandler.vue,component,,,,,,
apps/stage-tamagotchi/src/renderer/components/Window/TitleBar.vue,component,,,,,,
apps/stage-tamagotchi/src/renderer/components/WindowRouterLink.vue,component,,,,,,
apps/stage-tamagotchi/src/renderer/components/WithScreenCapture.vue,component,,,@proj-airi/ui:Button,,,
apps/stage-tamagotchi/src/renderer/components/chat-tool-renderers/journal-tool-call-block.vue,component,,,@proj-airi/stage-ui/components:ChatToolCallShell | @proj-airi/stage-ui/components:MarkdownRenderer | @proj-airi/ui:ContainerError,,,
apps/stage-tamagotchi/src/renderer/components/chat-viewport-layout.vue,component,,,,,,
apps/stage-tamagotchi/src/renderer/components/chat-window/chat-speech-mute-button.vue,component,,,@proj-airi/ui:IconButton,,,
apps/stage-tamagotchi/src/renderer/components/chat-window/chat-window-style-menu.vue,component,,,@proj-airi/ui:DropdownMenu,,button:110,
apps/stage-tamagotchi/src/renderer/components/devtools/live2d-ambient-light/controls.vue,component,,,@proj-airi/stage-ui/components:ColorPicker | @proj-airi/stage-ui/components:Section | @proj-airi/ui:FieldCheckbox | @proj-airi/ui:FieldRange | @proj-airi/ui:SelectTab,,,
apps/stage-tamagotchi/src/renderer/components/devtools/live2d-ambient-light/diagnostics-colors.vue,component,,,,,,
apps/stage-tamagotchi/src/renderer/components/devtools/live2d-ambient-light/diagnostics-metrics.vue,component,,,,,,
apps/stage-tamagotchi/src/renderer/components/devtools/live2d-ambient-light/diagnostics-preview.vue,component,,,,,,
apps/stage-tamagotchi/src/renderer/components/devtools/live2d-ambient-light/diagnostics.vue,component,,,@proj-airi/stage-ui/components:Section,apps/stage-tamagotchi/src/renderer/components/devtools/live2d-ambient-light/diagnostics-colors.vue | apps/stage-tamagotchi/src/renderer/components/devtools/live2d-ambient-light/diagnostics-metrics.vue | apps/stage-tamagotchi/src/renderer/components/devtools/live2d-ambient-light/diagnostics-preview.vue,,
apps/stage-tamagotchi/src/renderer/components/devtools/live2d-ambient-light/sampling.vue,component,,,@proj-airi/stage-ui/components:Section | @proj-airi/ui:FieldRange,,,
apps/stage-tamagotchi/src/renderer/components/devtools/live2d-ambient-light/shader-preview.vue,component,,,@proj-airi/stage-ui-live2d/components/diagnostics/screen-ambient-light-preview.vue:ScreenAmbientLightPreview | @proj-airi/stage-ui/components:Section,,,
apps/stage-tamagotchi/src/renderer/components/devtools/live2d-ambient-light/shader.vue,component,,,@proj-airi/stage-ui/components:Section | @proj-airi/ui:FieldCheckbox | @proj-airi/ui:FieldRange,,,
apps/stage-tamagotchi/src/renderer/components/devtools/presence-bubble/controls.vue,component,,,@proj-airi/stage-ui/components:Section | @proj-airi/ui:FieldCheckbox | @proj-airi/ui:FieldRange,,,
apps/stage-tamagotchi/src/renderer/components/devtools/resource-events.vue,component,,,,,,
apps/stage-tamagotchi/src/renderer/components/stage-islands/auth-status-island.vue,component,,,@proj-airi/stage-ui/components:StatusCapsule | @proj-airi/ui:Button,,,
apps/stage-tamagotchi/src/renderer/components/stage-islands/controls-island/control-button-tooltip.vue,component,,,,,,
apps/stage-tamagotchi/src/renderer/components/stage-islands/controls-island/control-button.vue,component,,,@proj-airi/ui:OverlayButton,,,
apps/stage-tamagotchi/src/renderer/components/stage-islands/controls-island/controls-island-auth-button.vue,component,,,@proj-airi/ui:Avatar,,button:97 | button:153,
apps/stage-tamagotchi/src/renderer/components/stage-islands/controls-island/controls-island-chat-button.vue,component,,,,apps/stage-tamagotchi/src/renderer/components/stage-islands/controls-island/control-button-tooltip.vue | apps/stage-tamagotchi/src/renderer/components/stage-islands/controls-island/control-button.vue,,
apps/stage-tamagotchi/src/renderer/components/stage-islands/controls-island/controls-island-fade-on-hover.vue,component,,,,apps/stage-tamagotchi/src/renderer/components/stage-islands/controls-island/control-button-tooltip.vue | apps/stage-tamagotchi/src/renderer/components/stage-islands/controls-island/control-button.vue,,
apps/stage-tamagotchi/src/renderer/components/stage-islands/controls-island/controls-island-hearing-config.vue,component,,,@proj-airi/stage-ui/components:HearingConfigDialog,,,
apps/stage-tamagotchi/src/renderer/components/stage-islands/controls-island/controls-island-profile-picker.vue,component,,,@proj-airi/stage-ui/components:ProfileSwitcherPopover,,,
apps/stage-tamagotchi/src/renderer/components/stage-islands/controls-island/controls-island-root.vue,component,,,,,,
apps/stage-tamagotchi/src/renderer/components/stage-islands/controls-island/controls-island-speech-mute.vue,component,,,,apps/stage-tamagotchi/src/renderer/components/stage-islands/controls-island/control-button-tooltip.vue | apps/stage-tamagotchi/src/renderer/components/stage-islands/controls-island/control-button.vue,,
apps/stage-tamagotchi/src/renderer/components/stage-islands/controls-island/index.vue,component,,,@proj-airi/ui:ScrollableArea,apps/stage-tamagotchi/src/renderer/components/stage-islands/status-island/index.vue | apps/stage-tamagotchi/src/renderer/components/stage-islands/controls-island/control-button-tooltip.vue | apps/stage-tamagotchi/src/renderer/components/stage-islands/controls-island/control-button.vue | apps/stage-tamagotchi/src/renderer/components/stage-islands/controls-island/controls-island-auth-button.vue | apps/stage-tamagotchi/src/renderer/components/stage-islands/controls-island/controls-island-chat-button.vue | apps/stage-tamagotchi/src/renderer/components/stage-islands/controls-island/controls-island-fade-on-hover.vue | apps/stage-tamagotchi/src/renderer/components/stage-islands/controls-island/controls-island-hearing-config.vue | apps/stage-tamagotchi/src/renderer/components/stage-islands/controls-island/controls-island-profile-picker.vue | apps/stage-tamagotchi/src/renderer/components/stage-islands/controls-island/controls-island-speech-mute.vue | apps/stage-tamagotchi/src/renderer/components/stage-islands/controls-island/indicator-mic-volume.vue,,
apps/stage-tamagotchi/src/renderer/components/stage-islands/controls-island/indicator-mic-volume.vue,component,,,,,,
apps/stage-tamagotchi/src/renderer/components/stage-islands/resource-status-island/index.vue,component,,,@proj-airi/ui:TransitionVertical,apps/stage-tamagotchi/src/renderer/components/stage-islands/resource-status-island/loading-modules.vue,,
apps/stage-tamagotchi/src/renderer/components/stage-islands/resource-status-island/loading-component-detail.vue,component,,,,,,
apps/stage-tamagotchi/src/renderer/components/stage-islands/resource-status-island/loading-component.vue,component,,,@proj-airi/ui:Progress,,,
apps/stage-tamagotchi/src/renderer/components/stage-islands/resource-status-island/loading-modules.vue,component,,,,apps/stage-tamagotchi/src/renderer/components/WindowRouterLink.vue | apps/stage-tamagotchi/src/renderer/components/stage-islands/resource-status-island/loading-component.vue,,
apps/stage-tamagotchi/src/renderer/components/stage-islands/status-island/index.vue,component,,,,apps/stage-tamagotchi/src/renderer/components/stage-islands/controls-island/control-button-tooltip.vue | apps/stage-tamagotchi/src/renderer/components/stage-islands/controls-island/control-button.vue,,
apps/stage-tamagotchi/src/renderer/layouts/default.vue,entry-or-layout,,,,,,
apps/stage-tamagotchi/src/renderer/layouts/settings.vue,entry-or-layout,,,@proj-airi/stage-ui/components:PageHeader,apps/stage-tamagotchi/src/renderer/components/Window/TitleBar.vue,,
apps/stage-tamagotchi/src/renderer/layouts/stage.vue,entry-or-layout,,,,,,
apps/stage-tamagotchi/src/renderer/pages/about.vue,page,,,@proj-airi/stage-ui/components:AboutContent | @proj-airi/stage-ui/components:BugReportDialog | @proj-airi/stage-ui/components:MarkdownRenderer | @proj-airi/ui:Button | @proj-airi/ui:ContainerError | @proj-airi/ui:DoubleCheckButton | @proj-airi/ui:FieldSelect | @proj-airi/ui:Progress | @proj-airi/ui:ScrollableArea,,,
apps/stage-tamagotchi/src/renderer/pages/caption.vue,page,,,@proj-airi/stage-ui/components:PoppinText,,,
apps/stage-tamagotchi/src/renderer/pages/chat-floating.vue,page,,,@proj-airi/stage-ui/components:ChatSessionsDrawer,apps/stage-tamagotchi/src/renderer/components/chat-window/chat-speech-mute-button.vue | apps/stage-tamagotchi/src/renderer/components/chat-window/chat-window-style-menu.vue | apps/stage-tamagotchi/src/renderer/components/InteractiveArea.vue,button:227 | button:251 | button:264 | button:285,
apps/stage-tamagotchi/src/renderer/pages/chat-page-shell.vue,page,,,,,,
apps/stage-tamagotchi/src/renderer/pages/chat.vue,page,,,@proj-airi/stage-ui/components:ChatSessionsDrawer,apps/stage-tamagotchi/src/renderer/components/chat-window/chat-speech-mute-button.vue | apps/stage-tamagotchi/src/renderer/components/chat-window/chat-window-style-menu.vue | apps/stage-tamagotchi/src/renderer/components/InteractiveArea.vue | apps/stage-tamagotchi/src/renderer/components/Window/TitleBar.vue | apps/stage-tamagotchi/src/renderer/pages/chat-page-shell.vue,,
apps/stage-tamagotchi/src/renderer/pages/dashboard/index.vue,page,,,,,,
apps/stage-tamagotchi/src/renderer/pages/desktop-overlay.vue,page,,,,,,
apps/stage-tamagotchi/src/renderer/pages/devtools/global-shortcut.vue,page,,,@proj-airi/ui:Button | @proj-airi/ui:FieldCheckbox | @proj-airi/ui:FieldInput,,,
apps/stage-tamagotchi/src/renderer/pages/devtools/index.vue,page,,,,,,
apps/stage-tamagotchi/src/renderer/pages/devtools/live2d-ambient-light.vue,page,,,,apps/stage-tamagotchi/src/renderer/components/devtools/live2d-ambient-light/controls.vue | apps/stage-tamagotchi/src/renderer/components/devtools/live2d-ambient-light/diagnostics.vue | apps/stage-tamagotchi/src/renderer/components/devtools/live2d-ambient-light/sampling.vue | apps/stage-tamagotchi/src/renderer/components/devtools/live2d-ambient-light/shader-preview.vue | apps/stage-tamagotchi/src/renderer/components/devtools/live2d-ambient-light/shader.vue,,
apps/stage-tamagotchi/src/renderer/pages/devtools/live2d-motion.vue,page,,,@proj-airi/stage-ui/features/devtools/motion/live2d:Live2DMotionDevtools | @proj-airi/ui:BasicButton,,,
apps/stage-tamagotchi/src/renderer/pages/devtools/performance-visualizer.vue,page,,,@proj-airi/stage-ui/components:ButtonBar,apps/stage-tamagotchi/src/renderer/components/devtools/resource-events.vue,,
apps/stage-tamagotchi/src/renderer/pages/devtools/presence-bubble.vue,page,,,,apps/stage-tamagotchi/src/renderer/components/devtools/presence-bubble/controls.vue,,
apps/stage-tamagotchi/src/renderer/pages/devtools/screen-capture.vue,page,,,@proj-airi/ui:Button | @proj-airi/ui:SelectTab,apps/stage-tamagotchi/src/renderer/components/WithScreenCapture.vue,button:288,
apps/stage-tamagotchi/src/renderer/pages/devtools/updater.vue,page,,,@proj-airi/ui:Button | @proj-airi/ui:Progress,,,
apps/stage-tamagotchi/src/renderer/pages/devtools/use-electron-all-displays.vue,page,,,,,,
apps/stage-tamagotchi/src/renderer/pages/devtools/use-electron-relative-mouse.vue,page,,,,,,
apps/stage-tamagotchi/src/renderer/pages/devtools/use-magic-keys.vue,page,,,,,,
apps/stage-tamagotchi/src/renderer/pages/devtools/use-window-mouse.vue,page,,,,,,
apps/stage-tamagotchi/src/renderer/pages/devtools/vision.vue,page,,,@proj-airi/stage-ui/components:ProcessingMeter | @proj-airi/ui:Button | @proj-airi/ui:FieldCheckbox | @proj-airi/ui:FieldCombobox | @proj-airi/ui:FieldRange | @proj-airi/ui:SelectTab,apps/stage-tamagotchi/src/renderer/components/WithScreenCapture.vue,button:382 | button:407 | textarea:560,
apps/stage-tamagotchi/src/renderer/pages/devtools/widgets-calling.vue,page,,,@proj-airi/ui:Button | @proj-airi/ui:FieldCheckbox | @proj-airi/ui:FieldCombobox | @proj-airi/ui:FieldInput | @proj-airi/ui:FieldTextArea,,,
apps/stage-tamagotchi/src/renderer/pages/editor/index.vue,page,,,,,,
apps/stage-tamagotchi/src/renderer/pages/index.vue,page,,,@proj-airi/stage-ui/components:HearingStatus | @proj-airi/stage-ui/components:HoloCoupon | @proj-airi/stage-ui/components/scenes:WidgetStage,apps/stage-tamagotchi/src/renderer/components/stage-islands/auth-status-island.vue | apps/stage-tamagotchi/src/renderer/components/stage-islands/controls-island/controls-island-root.vue | apps/stage-tamagotchi/src/renderer/components/stage-islands/controls-island/index.vue | apps/stage-tamagotchi/src/renderer/components/stage-islands/resource-status-island/index.vue,,
apps/stage-tamagotchi/src/renderer/pages/inlay/index.vue,page,,,@proj-airi/stage-ui/components/scenarios/chat:VoiceDrafts,,,
apps/stage-tamagotchi/src/renderer/pages/notice/fade-on-hover.vue,page,,,@proj-airi/ui:Button | @proj-airi/ui:Checkbox | @proj-airi/ui:TransitionVertical,,,
apps/stage-tamagotchi/src/renderer/pages/notice/index.vue,page,,,,,,
apps/stage-tamagotchi/src/renderer/pages/onboarding.vue,page,,,@proj-airi/stage-ui/components:OnboardingScreen,,,
apps/stage-tamagotchi/src/renderer/pages/settings/account/index.vue,page,,,,packages/stage-pages/src/pages/settings/account/account-settings-page.vue,,
apps/stage-tamagotchi/src/renderer/pages/settings/connection/index.vue,page,,,@proj-airi/stage-ui/components:ConnectionSettings | @proj-airi/ui:Callout | @proj-airi/ui:FieldCheckbox | @proj-airi/ui:IconButton | @proj-airi/ui:Input,apps/stage-tamagotchi/src/renderer/pages/settings/connection/server-channel-qr-card.vue,,
apps/stage-tamagotchi/src/renderer/pages/settings/connection/server-channel-qr-card.vue,page,,,@proj-airi/ui:Callout | @proj-airi/ui:Collapsible | @proj-airi/ui:GhostButton,,button:100 | button:170,
apps/stage-tamagotchi/src/renderer/pages/settings/data/components/desktop-folder-section.vue,page,,,@proj-airi/ui:Button,,,
apps/stage-tamagotchi/src/renderer/pages/settings/data/components/desktop-reset-section.vue,page,,,@proj-airi/ui:Button | @proj-airi/ui:DoubleCheckButton,,,
apps/stage-tamagotchi/src/renderer/pages/settings/data/index.vue,page,,,,packages/stage-pages/src/pages/settings/data/components/chats-section.vue | packages/stage-pages/src/pages/settings/data/components/danger-section.vue | packages/stage-pages/src/pages/settings/data/components/models-modules-section.vue | packages/stage-pages/src/pages/settings/data/components/status-banner.vue | apps/stage-tamagotchi/src/renderer/pages/settings/data/components/desktop-folder-section.vue | apps/stage-tamagotchi/src/renderer/pages/settings/data/components/desktop-reset-section.vue,,
apps/stage-tamagotchi/src/renderer/pages/settings/index.vue,page,,,@proj-airi/stage-ui/components:IconItem,,,
apps/stage-tamagotchi/src/renderer/pages/settings/models/index.vue,page,,,@proj-airi/stage-ui/components/scenarios/settings/model-settings:ModelSettingsPanel | @proj-airi/ui:Callout | @proj-airi/ui:GhostButton,,,
apps/stage-tamagotchi/src/renderer/pages/settings/modules/components/McpConnectionTestPanel.vue,page,,,@proj-airi/ui:Button | @proj-airi/ui:Callout | @proj-airi/ui:FieldSelect,,,
apps/stage-tamagotchi/src/renderer/pages/settings/modules/components/McpJsonEditor.vue,page,,,@proj-airi/ui:Button | @proj-airi/ui:Callout | @proj-airi/ui:GhostButton,,textarea:43,
apps/stage-tamagotchi/src/renderer/pages/settings/modules/components/McpServerForm.vue,page,,,@proj-airi/ui:Button | @proj-airi/ui:FieldInput | @proj-airi/ui:FieldKeyValues | @proj-airi/ui:GhostButton,,,
apps/stage-tamagotchi/src/renderer/pages/settings/modules/mcp.vue,page,,,@proj-airi/ui:Button | @proj-airi/ui:Callout | @proj-airi/ui:Checkbox | @proj-airi/ui:GhostButton | @proj-airi/ui:TransitionVertical,apps/stage-tamagotchi/src/renderer/pages/settings/modules/components/McpConnectionTestPanel.vue | apps/stage-tamagotchi/src/renderer/pages/settings/modules/components/McpJsonEditor.vue | apps/stage-tamagotchi/src/renderer/pages/settings/modules/components/McpServerForm.vue,button:403,
apps/stage-tamagotchi/src/renderer/pages/settings/system/developer.vue,page,,,@proj-airi/stage-ui/components:ButtonBar | @proj-airi/stage-ui/components:CheckBar | @proj-airi/stage-ui/components:IconItem,,,
apps/stage-tamagotchi/src/renderer/pages/settings/system/general.vue,page,,,@proj-airi/ui:FieldCheckbox,packages/stage-pages/src/components/settings-general-fields.vue,,
apps/stage-tamagotchi/src/renderer/pages/settings/system/index.vue,page,,,@proj-airi/stage-ui/components:IconItem,,,
apps/stage-tamagotchi/src/renderer/pages/settings/system/window-shortcuts.vue,page,,,@proj-airi/ui:Button,,button:132,
apps/stage-tamagotchi/src/renderer/pages/spotlight.vue,page,,,,,input:113,
apps/stage-tamagotchi/src/renderer/pages/widgets.vue,page,,,,,button:242 | button:261,
apps/stage-tamagotchi/src/renderer/widgets/artistry/components/Comfy.vue,component,,,@proj-airi/ui:ScrollableArea,,button:218 | button:224 | button:233 | button:247 | button:264 | button:305,
apps/stage-tamagotchi/src/renderer/widgets/extension-ui/components/extension-ui-host.vue,component,,,,,,
apps/stage-tamagotchi/src/renderer/widgets/map/components/Map.vue,component,,,,,,
apps/stage-tamagotchi/src/renderer/widgets/weather/components/Skeleton.vue,component,,,,,,
apps/stage-tamagotchi/src/renderer/widgets/weather/components/Weather.vue,component,,,,apps/stage-tamagotchi/src/renderer/widgets/weather/components/Skeleton.vue,,
apps/stage-web/src/App.vue,entry-or-layout,,,@proj-airi/stage-ui/components:OnboardingDialog | @proj-airi/stage-ui/components:StartupOverlay | @proj-airi/stage-ui/components:ToasterRoot | @proj-airi/ui:ErrorBoundary | @proj-airi/ui-transitions:StageTransitionGroup,apps/stage-web/src/components/Devtools/PerformanceOverlay.vue,,
apps/stage-web/src/components/AudioWaveform.vue,component,,,,,,
apps/stage-web/src/components/DataGui/DualEndRange.vue,component,,,,,,
apps/stage-web/src/components/Devtools/PerformanceOverlay.vue,component,,,@proj-airi/ui:Button | @proj-airi/ui:IconButton,apps/stage-web/src/components/Devtools/fps-history.vue,,
apps/stage-web/src/components/Devtools/fps-history.vue,component,,,,,,
apps/stage-web/src/components/IconAnimation.vue,component,,,,,,
apps/stage-web/src/pages/[...all].vue,page,,,@proj-airi/ui:Button,,,
apps/stage-web/src/pages/auth/callback.vue,page,,,@proj-airi/ui:Button,,,
apps/stage-web/src/pages/auth/index.vue,page,,,,,,
apps/stage-web/src/pages/devtools/audio-record.vue,page,,,,,select:49 | button:59 | button:62 | button:65,
apps/stage-web/src/pages/devtools/background-gradient-blending.vue,page,,,@proj-airi/ui:BasicInputFile,,button:157 | button:183,
apps/stage-web/src/pages/devtools/background-removal.vue,page,,,@proj-airi/ui:Button | @proj-airi/ui:Checkbox | @proj-airi/ui:GhostButton | @proj-airi/ui:InputFile,,,
apps/stage-web/src/pages/devtools/gesture-circle.vue,page,,,,,,
apps/stage-web/src/pages/devtools/model-driver-mediapipe.vue,page,,,@proj-airi/stage-ui-three:ThreeScene | @proj-airi/ui:Checkbox,,input:317 | input:324 | input:336 | input:343 | input:355 | input:362 | input:407,
apps/stage-web/src/pages/devtools/performance-playground.vue,page,,,@proj-airi/stage-ui-three:ThreeScene,,input:312 | button:318 | button:325,
apps/stage-web/src/pages/devtools/performance-visualizer.vue,page,,,@proj-airi/ui:Button | @proj-airi/ui:FieldCheckbox,apps/stage-web/src/components/Devtools/fps-history.vue,,
apps/stage-web/src/pages/devtools/use-magic-keys.vue,page,,,,,,
apps/stage-web/src/pages/devtools/web-haptics.vue,page,,,@proj-airi/ui:Button,,,
apps/stage-web/src/pages/index.vue,page,,,@proj-airi/stage-ui/components:HoloCoupon | @proj-airi/stage-ui/components/scenes:ViewControlSlider | @proj-airi/stage-ui/components/scenes:WidgetStage,,,@proj-airi/stage-layouts/components/Layouts/Header.vue | @proj-airi/stage-layouts/components/Layouts/InteractiveArea.vue | @proj-airi/stage-layouts/components/Layouts/MobileInteractiveArea.vue
apps/stage-web/src/pages/settings/account/index.vue,page,,,,packages/stage-pages/src/pages/settings/account/account-settings-page.vue,,
apps/stage-web/src/pages/settings/characters/components/CharacterCreate.vue,page,,,,,,
apps/stage-web/src/pages/settings/characters/components/CharacterDialog.vue,page,,,@proj-airi/ui:Button | @proj-airi/ui:FieldInput | @proj-airi/ui:GhostButton | @proj-airi/ui:ScrollableArea,,button:213 | button:222 | input:262 | input:274 | input:292,
apps/stage-web/src/pages/settings/characters/components/CharacterItem.vue,page,,,@proj-airi/stage-ui/components:CursorFloating,,button:92 | button:106,
apps/stage-web/src/pages/settings/characters/index.vue,page,,,@proj-airi/ui:Button | @proj-airi/ui:FieldInput,apps/stage-web/src/pages/settings/characters/components/CharacterDialog.vue | apps/stage-web/src/pages/settings/characters/components/CharacterItem.vue,button:99,
apps/stage-web/src/pages/settings/system/developer.vue,page,,,@proj-airi/stage-ui/components:CheckBar | @proj-airi/stage-ui/components:IconItem,,,
apps/stage-web/src/pages/settings/system/index.vue,page,,,@proj-airi/stage-ui/components:IconItem | @proj-airi/stage-ui/components:RippleGrid,,,
apps/ui-server-auth/src/App.vue,entry-or-layout,,,@proj-airi/stage-ui/components/scenarios/toasters:ToasterRoot,,,
apps/ui-server-auth/src/components/auth-notice.vue,component,,,@proj-airi/ui:Button,,,
apps/ui-server-auth/src/pages/[...all].vue,page,,,@proj-airi/ui:Button,,,
apps/ui-server-auth/src/pages/delete-account.vue,page,,,,,,
apps/ui-server-auth/src/pages/electron-callback.vue,page,,,@proj-airi/ui:Button,,,
apps/ui-server-auth/src/pages/forgot-password.vue,page,,,@proj-airi/ui:Button | @proj-airi/ui:FieldInput,,,
apps/ui-server-auth/src/pages/index.vue,page,,,,,,
apps/ui-server-auth/src/pages/profile.vue,page,,,@proj-airi/ui:Avatar | @proj-airi/ui:Button | @proj-airi/ui:FieldInput,,,
apps/ui-server-auth/src/pages/reset-password.vue,page,,,@proj-airi/ui:Button | @proj-airi/ui:FieldInput,,,
apps/ui-server-auth/src/pages/sign-in.vue,page,,,@proj-airi/ui:Button | @proj-airi/ui:FieldInput,,button:392 | button:436,
apps/ui-server-auth/src/pages/verify-email.vue,page,,,,,,
packages/scenarios-stage-tamagotchi-browser/src/App.vue,entry-or-layout,,,,,,
packages/scenarios-stage-tamagotchi-browser/src/components/icon.vue,component,,,,,,
packages/scenarios-stage-tamagotchi-browser/src/components/platforms/macos-26/PlatformRoot.vue,component,,,,packages/scenarios-stage-tamagotchi-browser/src/components/platforms/macos-26/ui/display/appearance.vue | packages/scenarios-stage-tamagotchi-browser/src/components/platforms/macos-26/ui/dock/dock.vue | packages/scenarios-stage-tamagotchi-browser/src/components/platforms/macos-26/ui/menu-bar/menu-bar.vue,,
packages/scenarios-stage-tamagotchi-browser/src/components/platforms/macos-26/containers/dock/Application.vue,component,,,,,,
packages/scenarios-stage-tamagotchi-browser/src/components/platforms/macos-26/containers/dock/Divider.vue,component,,,,,,
packages/scenarios-stage-tamagotchi-browser/src/components/platforms/macos-26/containers/dock/DockRoot.vue,component,,,,,,
packages/scenarios-stage-tamagotchi-browser/src/components/platforms/macos-26/containers/window/WindowRoot.vue,component,,,,,,
packages/scenarios-stage-tamagotchi-browser/src/components/platforms/macos-26/graphics/liquid-glass/components/composite-parts.vue,component,,,,,,
packages/scenarios-stage-tamagotchi-browser/src/components/platforms/macos-26/graphics/liquid-glass/components/filter.vue,component,,,,packages/scenarios-stage-tamagotchi-browser/src/components/platforms/macos-26/graphics/liquid-glass/components/composite-parts.vue,,
packages/scenarios-stage-tamagotchi-browser/src/components/platforms/macos-26/graphics/liquid-glass/hoc/refractive.vue,component,,,,packages/scenarios-stage-tamagotchi-browser/src/components/platforms/macos-26/graphics/liquid-glass/components/filter.vue,,
packages/scenarios-stage-tamagotchi-browser/src/components/platforms/macos-26/icons/applications/Apps.vue,component,,,,,,
packages/scenarios-stage-tamagotchi-browser/src/components/platforms/macos-26/icons/applications/Finder.vue,component,,,,,,
packages/scenarios-stage-tamagotchi-browser/src/components/platforms/macos-26/icons/applications/TrashFull.vue,component,,,,,,
packages/scenarios-stage-tamagotchi-browser/src/components/platforms/macos-26/icons/sf-symbol-like/Apple.vue,component,,,,,,
packages/scenarios-stage-tamagotchi-browser/src/components/platforms/macos-26/icons/sf-symbol-like/Switch2.0.vue,component,,,,,,
packages/scenarios-stage-tamagotchi-browser/src/components/platforms/macos-26/icons/sf-symbol-like/Wifi.vue,component,,,,,,
packages/scenarios-stage-tamagotchi-browser/src/components/platforms/macos-26/icons/system/Folder.vue,component,,,,,,
packages/scenarios-stage-tamagotchi-browser/src/components/platforms/macos-26/ui/display/appearance.vue,component,,,,,,
packages/scenarios-stage-tamagotchi-browser/src/components/platforms/macos-26/ui/dock/dock.vue,component,,,,packages/scenarios-stage-tamagotchi-browser/src/components/platforms/macos-26/containers/dock/Application.vue | packages/scenarios-stage-tamagotchi-browser/src/components/platforms/macos-26/containers/dock/Divider.vue | packages/scenarios-stage-tamagotchi-browser/src/components/platforms/macos-26/containers/dock/DockRoot.vue | packages/scenarios-stage-tamagotchi-browser/src/components/platforms/macos-26/graphics/liquid-glass/hoc/refractive.vue | packages/scenarios-stage-tamagotchi-browser/src/components/platforms/macos-26/icons/applications/Apps.vue | packages/scenarios-stage-tamagotchi-browser/src/components/platforms/macos-26/icons/applications/Finder.vue | packages/scenarios-stage-tamagotchi-browser/src/components/platforms/macos-26/icons/applications/TrashFull.vue | packages/scenarios-stage-tamagotchi-browser/src/components/platforms/macos-26/icons/system/Folder.vue,,
packages/scenarios-stage-tamagotchi-browser/src/components/platforms/macos-26/ui/menu-bar/menu-bar.vue,component,,,,packages/scenarios-stage-tamagotchi-browser/src/components/platforms/macos-26/icons/sf-symbol-like/Apple.vue | packages/scenarios-stage-tamagotchi-browser/src/components/platforms/macos-26/icons/sf-symbol-like/Switch2.0.vue | packages/scenarios-stage-tamagotchi-browser/src/components/platforms/macos-26/icons/sf-symbol-like/Wifi.vue,,
packages/scenarios-stage-tamagotchi-browser/src/components/platforms/windows-11/PlatformRoot.vue,component,,,,,,
packages/scenarios-stage-tamagotchi-browser/src/scenes/docs/setup-and-use/components/scene-capture-layout.vue,component,,,,packages/scenarios-stage-tamagotchi-browser/src/components/icon.vue | packages/scenarios-stage-tamagotchi-browser/src/components/platforms/macos-26/PlatformRoot.vue | packages/scenarios-stage-tamagotchi-browser/src/components/platforms/macos-26/containers/dock/Application.vue,,
packages/scenarios-stage-tamagotchi-browser/src/scenes/docs/setup-and-use/index.vue,entry-or-layout,,,,packages/scenarios-stage-tamagotchi-browser/src/scenes/docs/setup-and-use/components/scene-capture-layout.vue | packages/scenarios-stage-tamagotchi-browser/src/components/platforms/macos-26/containers/window/WindowRoot.vue,,
packages/scenarios-stage-tamagotchi-browser/src/scenes/docs/setup-and-use/intro-chat.vue,entry-or-layout,,,,packages/scenarios-stage-tamagotchi-browser/src/scenes/docs/setup-and-use/components/scene-capture-layout.vue | packages/scenarios-stage-tamagotchi-browser/src/components/platforms/macos-26/containers/window/WindowRoot.vue,,
packages/scenarios-stage-tamagotchi-browser/src/scenes/docs/setup-and-use/intro-websocket.vue,entry-or-layout,,,,packages/scenarios-stage-tamagotchi-browser/src/scenes/docs/setup-and-use/components/scene-capture-layout.vue | packages/scenarios-stage-tamagotchi-browser/src/components/platforms/macos-26/containers/window/WindowRoot.vue,,
packages/scenarios-stage-tamagotchi-browser/src/scenes/docs/setup-and-use/main-window.vue,entry-or-layout,,,,packages/scenarios-stage-tamagotchi-browser/src/scenes/docs/setup-and-use/components/scene-capture-layout.vue | packages/scenarios-stage-tamagotchi-browser/src/components/platforms/macos-26/containers/window/WindowRoot.vue,,
packages/scenarios-stage-tamagotchi-browser/src/scenes/docs/setup-and-use/settings.vue,entry-or-layout,,,,packages/scenarios-stage-tamagotchi-browser/src/scenes/docs/setup-and-use/components/scene-capture-layout.vue | packages/scenarios-stage-tamagotchi-browser/src/components/platforms/macos-26/containers/window/WindowRoot.vue,,
packages/stage-layouts/src/components/AdaptiveInput/adaptive-input-area.vue,component,,,,,,
packages/stage-layouts/src/components/AdaptiveInput/adaptive-input-root.vue,component,,,,,,
packages/stage-layouts/src/components/AdaptiveInput/adaptive-input-viewport.vue,component,,,,,,
packages/stage-layouts/src/components/Backgrounds/DialogPicker.vue,component,,,@proj-airi/stage-ui/components:BackgroundPickerDialog,,,
packages/stage-layouts/src/components/Backgrounds/Line1.vue,component,,,,,,
packages/stage-layouts/src/components/Backgrounds/Provider.vue,component,,,@proj-airi/stage-ui/components:BackgroundGradientOverlay,packages/stage-layouts/src/components/Backgrounds/default/index.vue,,
packages/stage-layouts/src/components/Backgrounds/SakuraPetal.vue,component,,,,,,
packages/stage-layouts/src/components/Backgrounds/TicTacToe.vue,component,,,,,,
packages/stage-layouts/src/components/Backgrounds/default/index.vue,component,,,,packages/stage-layouts/src/components/Backgrounds/default/part-animated-wave.vue | packages/stage-layouts/src/components/Backgrounds/default/pattern-cross.vue,,
packages/stage-layouts/src/components/Backgrounds/default/part-animated-wave.vue,component,,,,,,
packages/stage-layouts/src/components/Backgrounds/default/pattern-cross.vue,component,,,,,,
packages/stage-layouts/src/components/Backgrounds/default/preview.vue,component,,,,packages/stage-layouts/src/components/Backgrounds/default/part-animated-wave.vue | packages/stage-layouts/src/components/Backgrounds/default/pattern-cross.vue,,
packages/stage-layouts/src/components/Backgrounds/default/transparent-preview.vue,component,,,,,,
packages/stage-layouts/src/components/Layouts/Header.vue,component,,,@proj-airi/stage-ui/components:ProfileSwitcherPopover,packages/stage-layouts/src/components/Layouts/HeaderAvatar.vue | packages/stage-layouts/src/components/Layouts/HeaderLink.vue,,
packages/stage-layouts/src/components/Layouts/HeaderAvatar.vue,component,,,@proj-airi/ui:Avatar | @proj-airi/ui:DropdownMenu,,button:37 | button:152 | button:169,
packages/stage-layouts/src/components/Layouts/HeaderLink.vue,component,,,,,,
packages/stage-layouts/src/components/Layouts/InteractiveArea.vue,component,,,@proj-airi/stage-ui/components:ChatHistory,packages/stage-layouts/src/components/Widgets/chat-panel-header.vue | packages/stage-layouts/src/components/Widgets/ChatActionButtons.vue | packages/stage-layouts/src/components/Widgets/ChatArea.vue | packages/stage-layouts/src/components/Widgets/ChatContainer.vue,,
packages/stage-layouts/src/components/Layouts/InteractiveArea/Actions/About.vue,component,,,@proj-airi/stage-ui/components:AboutContent | @proj-airi/stage-ui/components:AboutDialog,,button:31,
packages/stage-layouts/src/components/Layouts/InteractiveArea/Actions/ViewControls.vue,component,,,@proj-airi/ui:Button,packages/stage-layouts/src/components/Widgets/ChatToolbarButton.vue,,
packages/stage-layouts/src/components/Layouts/MobileHeader.vue,component,,,,,,
packages/stage-layouts/src/components/Layouts/MobileInteractiveArea.vue,component,,,@proj-airi/stage-ui/components:CharacterSwitcherDrawer | @proj-airi/stage-ui/components:ChatHistory | @proj-airi/stage-ui/components:HearingConfig | @proj-airi/stage-ui/components:HearingStatus | @proj-airi/stage-ui/components:VoiceDrafts | @proj-airi/stage-ui/components:VoiceMessageControls | @proj-airi/stage-ui/components/scenarios/chat:ChatImageAttachmentPreview | @proj-airi/stage-ui/components/scenarios/chat:ChatReplyPreview | @proj-airi/stage-ui/components/scenarios/chat:ChatSessionsDrawer | @proj-airi/ui:BasicButton | @proj-airi/ui:BasicTextarea | @proj-airi/ui:BottomDrawer,packages/stage-layouts/src/components/Layouts/InteractiveArea/Actions/ViewControls.vue | packages/stage-layouts/src/components/Layouts/mobile-settings-drawer.vue | packages/stage-layouts/src/components/Layouts/MobileHeader.vue,button:410 | input:423 | button:472 | button:488,
packages/stage-layouts/src/components/Layouts/mobile-settings-drawer.vue,component,,,@proj-airi/ui:Avatar | @proj-airi/ui:BasicButton | @proj-airi/ui:BottomDrawer | @proj-airi/ui:Checkbox | @proj-airi/ui:GhostButton,packages/stage-layouts/src/components/Layouts/InteractiveArea/Actions/About.vue | packages/stage-layouts/src/components/Backgrounds/DialogPicker.vue,,
packages/stage-layouts/src/components/Widgets/ChatActionButtons.vue,component,,,,packages/stage-layouts/src/components/Layouts/InteractiveArea/Actions/About.vue | packages/stage-layouts/src/components/Layouts/InteractiveArea/Actions/ViewControls.vue | packages/stage-layouts/src/components/Widgets/ChatToolbarButton.vue | packages/stage-layouts/src/components/Backgrounds/DialogPicker.vue,,
packages/stage-layouts/src/components/Widgets/ChatArea.vue,component,,,@proj-airi/stage-ui/components/scenarios/chat:ChatImageAttachmentPreview | @proj-airi/stage-ui/components/scenarios/chat:ChatReplyPreview | @proj-airi/stage-ui/components/scenarios/chat:VoiceDrafts | @proj-airi/stage-ui/components/scenarios/chat:VoiceMessageControls | @proj-airi/stage-ui/components/scenarios/dialogs/audio-input/index:HearingConfig | @proj-airi/ui:BasicTextarea,packages/stage-layouts/src/components/Widgets/IndicatorMicVolume.vue,input:203 | button:226 | button:237 | button:275 | button:288,
packages/stage-layouts/src/components/Widgets/ChatContainer.vue,component,,,,,,
packages/stage-layouts/src/components/Widgets/ChatToolbarButton.vue,component,,,@proj-airi/ui:BasicButton,,,
packages/stage-layouts/src/components/Widgets/IndicatorMicVolume.vue,component,,,,,,
packages/stage-layouts/src/components/Widgets/chat-panel-header.vue,component,,,@proj-airi/stage-ui/components/scenarios/chat:ChatSessionsDrawer | @proj-airi/ui:BasicButton,,,
packages/stage-layouts/src/layouts/default.vue,entry-or-layout,,,,packages/stage-layouts/src/components/Layouts/HeaderLink.vue,,
packages/stage-layouts/src/layouts/home.vue,entry-or-layout,,,,,,
packages/stage-layouts/src/layouts/plain.vue,entry-or-layout,,,,,,
packages/stage-layouts/src/layouts/settings.vue,entry-or-layout,,,@proj-airi/stage-ui/components:PageHeader,packages/stage-layouts/src/components/Layouts/HeaderLink.vue,,
packages/stage-layouts/src/layouts/stage.vue,entry-or-layout,,,,,,
packages/stage-pages/src/components/settings-experimental-features.vue,component,,,@proj-airi/ui:Button | @proj-airi/ui:FieldCheckbox,,,
packages/stage-pages/src/components/settings-general-fields.vue,component,,,@proj-airi/ui:FieldCheckbox | @proj-airi/ui:FieldCombobox,,,
packages/stage-pages/src/pages/devtools/beat-sync.vue,page,,,@proj-airi/stage-ui/components:Section | @proj-airi/ui:Button | @proj-airi/ui:Callout | @proj-airi/ui:FieldCheckbox | @proj-airi/ui:FieldCombobox | @proj-airi/ui:FieldRange,,,
packages/stage-pages/src/pages/devtools/context-flow/components/context-flow-actions.vue,page,,,@proj-airi/stage-ui/components:Section | @proj-airi/ui:Button | @proj-airi/ui:FieldInput | @proj-airi/ui:FieldTextArea | @proj-airi/ui:SelectTab,,,
packages/stage-pages/src/pages/devtools/context-flow/components/context-flow-active-contexts.vue,page,,,@proj-airi/stage-ui/components:Section,,,
packages/stage-pages/src/pages/devtools/context-flow/components/context-flow-entry-card.vue,page,,,,packages/stage-pages/src/pages/devtools/context-flow/components/context-flow-preview.vue | packages/stage-pages/src/pages/devtools/context-flow/components/context-flow-spark-notify.vue,,
packages/stage-pages/src/pages/devtools/context-flow/components/context-flow-filters.vue,page,,,@proj-airi/ui:Button | @proj-airi/ui:FieldCheckbox | @proj-airi/ui:FieldInput | @proj-airi/ui:SelectTab,,,
packages/stage-pages/src/pages/devtools/context-flow/components/context-flow-lifecycle.vue,page,,,@proj-airi/stage-ui/components:Section,,,
packages/stage-pages/src/pages/devtools/context-flow/components/context-flow-preview.vue,page,,,,,,
packages/stage-pages/src/pages/devtools/context-flow/components/context-flow-prompt-projection.vue,page,,,@proj-airi/stage-ui/components:Section,,,
packages/stage-pages/src/pages/devtools/context-flow/components/context-flow-runtime.vue,page,,,@proj-airi/stage-ui/components:Section,,,
packages/stage-pages/src/pages/devtools/context-flow/components/context-flow-spark-notify.vue,page,,,,,,
packages/stage-pages/src/pages/devtools/context-flow/components/context-flow-stream.vue,page,,,@proj-airi/ui:Input,packages/stage-pages/src/pages/devtools/context-flow/components/context-flow-entry-card.vue,,
packages/stage-pages/src/pages/devtools/context-flow/index.vue,page,,,@proj-airi/stage-ui/components:Section,packages/stage-pages/src/pages/devtools/context-flow/components/context-flow-actions.vue | packages/stage-pages/src/pages/devtools/context-flow/components/context-flow-active-contexts.vue | packages/stage-pages/src/pages/devtools/context-flow/components/context-flow-filters.vue | packages/stage-pages/src/pages/devtools/context-flow/components/context-flow-lifecycle.vue | packages/stage-pages/src/pages/devtools/context-flow/components/context-flow-prompt-projection.vue | packages/stage-pages/src/pages/devtools/context-flow/components/context-flow-runtime.vue | packages/stage-pages/src/pages/devtools/context-flow/components/context-flow-stream.vue,,
packages/stage-pages/src/pages/devtools/image.vue,page,,,,,input:39 | button:47,
packages/stage-pages/src/pages/devtools/index.vue,page,,,,,,
packages/stage-pages/src/pages/devtools/io-tracer/components/io-tracer-chart.vue,page,,,,,button:598,
packages/stage-pages/src/pages/devtools/io-tracer/components/io-tracer-controls.vue,page,,,@proj-airi/ui:Button,,button:67,
packages/stage-pages/src/pages/devtools/io-tracer/components/io-tracer-detail.vue,page,,,,,button:129 | button:201 | button:271 | button:292,
packages/stage-pages/src/pages/devtools/io-tracer/components/io-tracer-metrics.vue,page,,,,,,
packages/stage-pages/src/pages/devtools/io-tracer/components/io-tracer-turn-list.vue,page,,,,,button:61,
packages/stage-pages/src/pages/devtools/io-tracer/index.vue,page,,,,packages/stage-pages/src/pages/devtools/io-tracer/components/io-tracer-chart.vue | packages/stage-pages/src/pages/devtools/io-tracer/components/io-tracer-controls.vue | packages/stage-pages/src/pages/devtools/io-tracer/components/io-tracer-detail.vue | packages/stage-pages/src/pages/devtools/io-tracer/components/io-tracer-metrics.vue,,
packages/stage-pages/src/pages/devtools/markdown-stress.vue,page,,,@proj-airi/stage-ui/components:ButtonBar | @proj-airi/stage-ui/components:Section | @proj-airi/ui:Callout,,input:94,
packages/stage-pages/src/pages/devtools/plugin-host.vue,page,,,@proj-airi/stage-ui/components:Section | @proj-airi/ui:Button | @proj-airi/ui:Callout | @proj-airi/ui:GhostButton | @proj-airi/ui:Input,,,
packages/stage-pages/src/pages/devtools/polaroid.vue,page,,,@proj-airi/stage-ui-live2d/components/scenes/live2d:Live2DCanvas | @proj-airi/stage-ui-live2d/components/scenes/live2d:Live2DModel | @proj-airi/ui:Screen,,select:80 | button:87,
packages/stage-pages/src/pages/devtools/providers-transcription-realtime-aliyun-nls.vue,page,,,@proj-airi/ui:Button | @proj-airi/ui:FieldCombobox | @proj-airi/ui:FieldInput,,,
packages/stage-pages/src/pages/devtools/vibrant.vue,page,,,@proj-airi/ui:InputFileCard,,,
packages/stage-pages/src/pages/devtools/websocket-inspector.vue,page,,,@proj-airi/ui:FieldCheckbox | @proj-airi/ui:GhostButton | @proj-airi/ui:Input,,,
packages/stage-pages/src/pages/settings/account/account-settings-page.vue,page,,,@proj-airi/ui:Avatar | @proj-airi/ui:Button | @proj-airi/ui:FieldInput | @proj-airi/ui:GhostButton,,button:421 | button:918,
packages/stage-pages/src/pages/settings/airi-card/[cardId]/edit.vue,page,,,,packages/stage-pages/src/pages/settings/airi-card/components/CardEditor.vue | packages/stage-pages/src/pages/settings/airi-card/components/UnsavedChangesDialog.vue,,
packages/stage-pages/src/pages/settings/airi-card/components/CardCreate.vue,page,,,,,,
packages/stage-pages/src/pages/settings/airi-card/components/CardDetailDialog.vue,page,,,@proj-airi/ui:Button | @proj-airi/ui:GhostButton | @proj-airi/ui:Select,packages/stage-pages/src/pages/settings/airi-card/components/DeleteCardDialog.vue | packages/stage-pages/src/pages/settings/airi-card/components/RestoreVersionDialog.vue,button:481 | button:686 | button:739 | button:747 | button:754,
packages/stage-pages/src/pages/settings/airi-card/components/CardEditor.vue,page,,,@proj-airi/ui:Button | @proj-airi/ui:FieldInput | @proj-airi/ui:FieldValues | @proj-airi/ui:GhostButton | @proj-airi/ui:IconButton | @proj-airi/ui/components/form:ComboboxSelect,packages/stage-pages/src/pages/settings/airi-card/components/tabs/CardCreationTabArtistry.vue,,
packages/stage-pages/src/pages/settings/airi-card/components/CardListItem.vue,page,,,@proj-airi/stage-ui/components:CursorFloating,,button:73 | button:109 | button:123,
packages/stage-pages/src/pages/settings/airi-card/components/DeleteCardDialog.vue,page,,,@proj-airi/ui:Button,,,
packages/stage-pages/src/pages/settings/airi-card/components/RestoreVersionDialog.vue,page,,,@proj-airi/ui:Button,,,
packages/stage-pages/src/pages/settings/airi-card/components/UnsavedChangesDialog.vue,page,,,@proj-airi/ui:Button,,,
packages/stage-pages/src/pages/settings/airi-card/components/tabs/CardCreationTabArtistry.vue,page,,,@proj-airi/ui:Button | @proj-airi/ui:Checkbox | @proj-airi/ui:FieldInput | @proj-airi/ui:FieldRange | @proj-airi/ui:IconButton | @proj-airi/ui:Select,,,
packages/stage-pages/src/pages/settings/airi-card/index.vue,page,,,@proj-airi/stage-ui/components:Alert | @proj-airi/ui:Button | @proj-airi/ui:InputFileCard | @proj-airi/ui/components/form:ComboboxSelect,packages/stage-pages/src/pages/settings/airi-card/components/CardCreate.vue | packages/stage-pages/src/pages/settings/airi-card/components/CardDetailDialog.vue | packages/stage-pages/src/pages/settings/airi-card/components/CardListItem.vue | packages/stage-pages/src/pages/settings/airi-card/components/DeleteCardDialog.vue,button:307 | input:384,
packages/stage-pages/src/pages/settings/airi-card/new.vue,page,,,,packages/stage-pages/src/pages/settings/airi-card/components/CardEditor.vue | packages/stage-pages/src/pages/settings/airi-card/components/UnsavedChangesDialog.vue,,
packages/stage-pages/src/pages/settings/connection/index.vue,page,,,@proj-airi/stage-ui/components:ConnectionSettings,,,
packages/stage-pages/src/pages/settings/data/components/chats-section.vue,page,,,@proj-airi/ui:Button | @proj-airi/ui:DoubleCheckButton,,input:120,
packages/stage-pages/src/pages/settings/data/components/danger-section.vue,page,,,@proj-airi/ui:DoubleCheckButton,,,
packages/stage-pages/src/pages/settings/data/components/models-modules-section.vue,page,,,@proj-airi/ui:DoubleCheckButton,,,
packages/stage-pages/src/pages/settings/data/components/status-banner.vue,page,,,,,,
packages/stage-pages/src/pages/settings/data/index.vue,page,,,,packages/stage-pages/src/pages/settings/data/components/chats-section.vue | packages/stage-pages/src/pages/settings/data/components/danger-section.vue | packages/stage-pages/src/pages/settings/data/components/models-modules-section.vue | packages/stage-pages/src/pages/settings/data/components/status-banner.vue,,
packages/stage-pages/src/pages/settings/flux.vue,page,,,@proj-airi/ui:Button | @proj-airi/ui:SelectTab | @proj-airi/ui:Skeleton,,button:447,
packages/stage-pages/src/pages/settings/index.vue,page,,,@proj-airi/stage-ui/components:IconItem | @proj-airi/stage-ui/components:RippleGrid,,,
packages/stage-pages/src/pages/settings/memory/index.vue,page,,,@proj-airi/stage-ui/components:WIP,,,
packages/stage-pages/src/pages/settings/models/index.vue,page,,,@proj-airi/stage-ui/components/scenarios/settings/model-settings:ModelSettings,,,
packages/stage-pages/src/pages/settings/modules/artistry.vue,page,,,@proj-airi/stage-ui/components:RadioCardSimple,,,
packages/stage-pages/src/pages/settings/modules/beat-sync.vue,page,,,@proj-airi/stage-ui/components:Alert | @proj-airi/stage-ui/components:AudioSpectrumVisualizer | @proj-airi/ui:Button | @proj-airi/ui:FieldCheckbox | @proj-airi/ui:FieldRange | @proj-airi/ui:SelectTab,,button:198,
packages/stage-pages/src/pages/settings/modules/components/hearing-playground-segment.vue,page,,,,,,
packages/stage-pages/src/pages/settings/modules/components/hearing-playground-transcripts.vue,page,,,,packages/stage-pages/src/pages/settings/modules/components/hearing-playground-segment.vue,,
packages/stage-pages/src/pages/settings/modules/consciousness.vue,page,,,@proj-airi/stage-ui/components:Alert | @proj-airi/stage-ui/components:ErrorContainer | @proj-airi/stage-ui/components:RadioCardManySelect | @proj-airi/stage-ui/components:RadioCardSimple | @proj-airi/ui:FieldCheckbox | @proj-airi/ui:FieldRange,,button:117 | input:200 | input:292,
packages/stage-pages/src/pages/settings/modules/gaming-factorio.vue,page,,,@proj-airi/stage-ui/components:GamingFactorio,,,
packages/stage-pages/src/pages/settings/modules/gaming-minecraft.vue,page,,,@proj-airi/stage-ui/components:GamingMinecraft,,,
packages/stage-pages/src/pages/settings/modules/hearing.vue,page,,,@proj-airi/stage-ui/components:Alert | @proj-airi/stage-ui/components:ErrorContainer | @proj-airi/stage-ui/components:LevelMeter | @proj-airi/stage-ui/components:RadioCardManySelect | @proj-airi/stage-ui/components:RadioCardSimple | @proj-airi/stage-ui/components:TestDummyMarker | @proj-airi/stage-ui/components:ThresholdMeter | @proj-airi/stage-ui/components:TimeSeriesChart | @proj-airi/ui:Button | @proj-airi/ui:FieldCheckbox | @proj-airi/ui:FieldCombobox | @proj-airi/ui:FieldInput | @proj-airi/ui:FieldRange,packages/stage-pages/src/pages/settings/modules/components/hearing-playground-transcripts.vue,,
packages/stage-pages/src/pages/settings/modules/index.vue,page,,,@proj-airi/stage-ui/components:IconStatusItem | @proj-airi/stage-ui/components:RippleGrid,,,
packages/stage-pages/src/pages/settings/modules/mcp.vue,page,,,,,,
packages/stage-pages/src/pages/settings/modules/memory-long-term.vue,page,,,@proj-airi/stage-ui/components:WIP,,,
packages/stage-pages/src/pages/settings/modules/memory-short-term.vue,page,,,@proj-airi/stage-ui/components:WIP,,,
packages/stage-pages/src/pages/settings/modules/messaging-discord.vue,page,,,@proj-airi/stage-ui/components:MessagingDiscord,,,
packages/stage-pages/src/pages/settings/modules/speech.vue,page,,,@proj-airi/stage-ui/components:Alert | @proj-airi/stage-ui/components:ErrorContainer | @proj-airi/stage-ui/components:RadioCardManySelect | @proj-airi/stage-ui/components:RadioCardSimple | @proj-airi/stage-ui/components:TestDummyMarker | @proj-airi/stage-ui/components:VoiceCardManySelect | @proj-airi/ui:FieldCheckbox | @proj-airi/ui:FieldInput | @proj-airi/ui:FieldRange | @proj-airi/ui:Skeleton | @proj-airi/ui:Textarea,,button:630 | select:890 | textarea:939 | button:950 | button:962,
packages/stage-pages/src/pages/settings/modules/stickers.vue,page,,,@proj-airi/stage-ui/components:Stickers,,,
packages/stage-pages/src/pages/settings/modules/vision.vue,page,,,@proj-airi/stage-ui/components:Alert | @proj-airi/stage-ui/components:ErrorContainer | @proj-airi/stage-ui/components:RadioCardManySelect | @proj-airi/stage-ui/components:RadioCardSimple | @proj-airi/ui:FieldCheckbox | @proj-airi/ui:FieldRange,,button:146 | input:346,
packages/stage-pages/src/pages/settings/modules/web-search.vue,page,,,@proj-airi/stage-ui/components:WebSearch,,,
packages/stage-pages/src/pages/settings/modules/x.vue,page,,,@proj-airi/stage-ui/components:X,,,
packages/stage-pages/src/pages/settings/providers/artistry/comfyui.vue,page,,,@proj-airi/ui:Button | @proj-airi/ui:FieldInput | @proj-airi/ui:GhostButton | @proj-airi/ui:ScrollableArea,,input:367 | input:471 | input:513,
packages/stage-pages/src/pages/settings/providers/artistry/nanobanana.vue,page,,,@proj-airi/ui:FieldInput | @proj-airi/ui:FieldSelect,,,
packages/stage-pages/src/pages/settings/providers/artistry/replicate.vue,page,,,@proj-airi/ui:FieldInput | @proj-airi/ui:FieldRange,,,
packages/stage-pages/src/pages/settings/providers/chat/[providerId].vue,page,,,@proj-airi/stage-ui/components:ProviderAdvancedSettings | @proj-airi/stage-ui/components:ProviderApiKeyInput | @proj-airi/stage-ui/components:ProviderBaseUrlInput | @proj-airi/stage-ui/components:ProviderBasicSettings | @proj-airi/stage-ui/components:ProviderGenerationSettings | @proj-airi/stage-ui/components:ProviderSettingsContainer | @proj-airi/stage-ui/components:ProviderSettingsLayout | @proj-airi/stage-ui/components:ProviderValidationAlerts | @proj-airi/ui:FieldCombobox,,,
packages/stage-pages/src/pages/settings/providers/chat/amazon-bedrock.vue,page,,,@proj-airi/stage-ui/components:Alert | @proj-airi/stage-ui/components:ProviderAccountIdInput | @proj-airi/stage-ui/components:ProviderApiKeyInput | @proj-airi/stage-ui/components:ProviderBasicSettings | @proj-airi/stage-ui/components:ProviderSettingsContainer | @proj-airi/stage-ui/components:ProviderSettingsLayout,,button:92 | button:111,
packages/stage-pages/src/pages/settings/providers/chat/azure-ai-foundry.vue,page,,,@proj-airi/stage-ui/components:ProviderAccountIdInput | @proj-airi/stage-ui/components:ProviderAdvancedSettings | @proj-airi/stage-ui/components:ProviderApiKeyInput | @proj-airi/stage-ui/components:ProviderBasicSettings | @proj-airi/stage-ui/components:ProviderSettingsContainer | @proj-airi/stage-ui/components:ProviderSettingsLayout | @proj-airi/stage-ui/components:ProviderValidationAlerts,,,
packages/stage-pages/src/pages/settings/providers/chat/cloudflare-workers-ai.vue,page,,,@proj-airi/stage-ui/components:ProviderAccountIdInput | @proj-airi/stage-ui/components:ProviderApiKeyInput | @proj-airi/stage-ui/components:ProviderBasicSettings | @proj-airi/stage-ui/components:ProviderSettingsContainer | @proj-airi/stage-ui/components:ProviderSettingsLayout | @proj-airi/stage-ui/components:ProviderValidationAlerts,,,
packages/stage-pages/src/pages/settings/providers/chat/lm-studio.vue,page,,,@proj-airi/stage-ui/components:ProviderBaseUrlInput | @proj-airi/stage-ui/components:ProviderBasicSettings | @proj-airi/stage-ui/components:ProviderSettingsContainer | @proj-airi/stage-ui/components:ProviderSettingsLayout | @proj-airi/stage-ui/components:ProviderValidationAlerts,,,
packages/stage-pages/src/pages/settings/providers/chat/official-provider.vue,page,,,@proj-airi/stage-ui/components:ProviderBasicSettings | @proj-airi/stage-ui/components:ProviderGenerationSettings | @proj-airi/stage-ui/components:ProviderSettingsContainer | @proj-airi/stage-ui/components:ProviderSettingsLayout | @proj-airi/ui:Callout,,button:48 | button:77,
packages/stage-pages/src/pages/settings/providers/chat/ollama.vue,page,,,@proj-airi/stage-ui/components:ProviderAdvancedSettings | @proj-airi/stage-ui/components:ProviderBaseUrlInput | @proj-airi/stage-ui/components:ProviderBasicSettings | @proj-airi/stage-ui/components:ProviderSettingsContainer | @proj-airi/stage-ui/components:ProviderSettingsLayout | @proj-airi/stage-ui/components:ProviderValidationAlerts | @proj-airi/ui:FieldCombobox | @proj-airi/ui:FieldKeyValues,,,
packages/stage-pages/src/pages/settings/providers/chat/prompt-api.vue,page,,,@proj-airi/stage-ui/components:ProviderBasicSettings | @proj-airi/stage-ui/components:ProviderDownloadModel | @proj-airi/stage-ui/components:ProviderSettingsContainer | @proj-airi/stage-ui/components:ProviderSettingsLayout | @proj-airi/stage-ui/components:ProviderValidationAlerts,,,
packages/stage-pages/src/pages/settings/providers/index.vue,page,,,@proj-airi/stage-ui/components:IconStatusItem | @proj-airi/stage-ui/components:RippleGrid | @proj-airi/ui:GhostButton | @proj-airi/ui:SelectTab,,,
packages/stage-pages/src/pages/settings/providers/speech/aivis-speech.vue,page,,,@proj-airi/stage-ui/components:VoicevoxFamilySettings,,,
packages/stage-pages/src/pages/settings/providers/speech/alibaba-cloud-model-studio.vue,page,,,@proj-airi/stage-ui/components:SpeechPlayground | @proj-airi/stage-ui/components:SpeechProviderSettings | @proj-airi/ui:FieldRange,,,
packages/stage-pages/src/pages/settings/providers/speech/app-local-audio-speech.vue,page,,,@proj-airi/stage-ui/components:WIP,,,
packages/stage-pages/src/pages/settings/providers/speech/browser-local-audio-speech.vue,page,,,@proj-airi/stage-ui/components:WIP,,,
packages/stage-pages/src/pages/settings/providers/speech/comet-api-speech.vue,page,,,@proj-airi/stage-ui/components:Alert | @proj-airi/stage-ui/components:SpeechPlaygroundOpenAICompatible | @proj-airi/stage-ui/components:SpeechProviderSettings | @proj-airi/ui:FieldInput | @proj-airi/ui:FieldRange,,button:193,
packages/stage-pages/src/pages/settings/providers/speech/deepgram-tts.vue,page,,,@proj-airi/stage-ui/components:SpeechPlayground | @proj-airi/stage-ui/components:SpeechProviderSettings,,,
packages/stage-pages/src/pages/settings/providers/speech/elevenlabs.vue,page,,,@proj-airi/stage-ui/components:SpeechPlayground | @proj-airi/stage-ui/components:SpeechProviderSettings | @proj-airi/ui:FieldCheckbox | @proj-airi/ui:FieldRange,,,
packages/stage-pages/src/pages/settings/providers/speech/google-gemini-audio-speech.vue,page,,,@proj-airi/stage-ui/components:Alert | @proj-airi/stage-ui/components:SpeechPlayground | @proj-airi/stage-ui/components:SpeechProviderSettings | @proj-airi/ui:FieldCombobox | @proj-airi/ui:FieldRange,,button:146,
packages/stage-pages/src/pages/settings/providers/speech/index-tts-vllm.vue,page,,,@proj-airi/stage-ui/components:SpeechPlayground | @proj-airi/stage-ui/components:SpeechProviderSettings | @proj-airi/ui:Callout,,,
packages/stage-pages/src/pages/settings/providers/speech/kokoro-local.vue,page,,,@proj-airi/stage-ui/components:SpeechPlayground | @proj-airi/stage-ui/components:SpeechProviderSettings | @proj-airi/ui:Callout | @proj-airi/ui:ComboboxSelect,,,
packages/stage-pages/src/pages/settings/providers/speech/microsoft-speech.vue,page,,,@proj-airi/stage-ui/components:SpeechPlayground | @proj-airi/stage-ui/components:SpeechProviderSettings | @proj-airi/ui:FieldInput | @proj-airi/ui:FieldRange,,,
packages/stage-pages/src/pages/settings/providers/speech/mimo-audio-speech.vue,page,,,@proj-airi/stage-ui/components:Alert | @proj-airi/stage-ui/components:SpeechPlayground | @proj-airi/stage-ui/components:SpeechProviderSettings | @proj-airi/ui:FieldCombobox | @proj-airi/ui:FieldTextArea,,button:223,
packages/stage-pages/src/pages/settings/providers/speech/minimax-speech.vue,page,,,@proj-airi/stage-ui/components:SpeechPlayground | @proj-airi/stage-ui/components:SpeechProviderSettings | @proj-airi/ui:FieldCombobox,,,
packages/stage-pages/src/pages/settings/providers/speech/official-provider-speech-streaming.vue,page,,,@proj-airi/stage-ui/components:ProviderSettingsContainer | @proj-airi/stage-ui/components:ProviderSettingsLayout | @proj-airi/stage-ui/components:SpeechPlayground | @proj-airi/ui:Callout | @proj-airi/ui:ComboboxSelect,,button:180 | button:202,
packages/stage-pages/src/pages/settings/providers/speech/official-provider-speech.vue,page,,,@proj-airi/stage-ui/components:ProviderSettingsContainer | @proj-airi/stage-ui/components:ProviderSettingsLayout | @proj-airi/ui:Callout,,button:46 | button:68,
packages/stage-pages/src/pages/settings/providers/speech/openai-audio-speech.vue,page,,,@proj-airi/stage-ui/components:SpeechPlayground | @proj-airi/stage-ui/components:SpeechProviderSettings | @proj-airi/ui:FieldCombobox | @proj-airi/ui:FieldRange,,,
packages/stage-pages/src/pages/settings/providers/speech/openai-compatible-audio-speech.vue,page,,,@proj-airi/stage-ui/components:Alert | @proj-airi/stage-ui/components:SpeechPlaygroundOpenAICompatible | @proj-airi/stage-ui/components:SpeechProviderSettings | @proj-airi/ui:FieldInput | @proj-airi/ui:FieldRange,,button:206,
packages/stage-pages/src/pages/settings/providers/speech/openrouter-audio-speech.vue,page,,,@proj-airi/stage-ui/components:SpeechPlayground | @proj-airi/stage-ui/components:SpeechProviderSettings | @proj-airi/ui:FieldCombobox,,,
packages/stage-pages/src/pages/settings/providers/speech/player2-speech.vue,page,,,@proj-airi/stage-ui/components:Alert | @proj-airi/stage-ui/components:SpeechPlayground | @proj-airi/stage-ui/components:SpeechProviderSettings | @proj-airi/ui:FieldRange,,,
packages/stage-pages/src/pages/settings/providers/speech/voicevox.vue,page,,,@proj-airi/stage-ui/components:VoicevoxFamilySettings,,,
packages/stage-pages/src/pages/settings/providers/speech/volcengine.vue,page,,,@proj-airi/stage-ui/components:SpeechPlayground | @proj-airi/stage-ui/components:SpeechProviderSettings | @proj-airi/ui:FieldInput | @proj-airi/ui:FieldRange,,,
packages/stage-pages/src/pages/settings/providers/transcription/aliyun-nls-transcription.vue,page,,,@proj-airi/stage-ui/components:Alert | @proj-airi/stage-ui/components:ProviderBasicSettings | @proj-airi/stage-ui/components:ProviderSettingsContainer | @proj-airi/stage-ui/components:ProviderSettingsLayout | @proj-airi/ui:Button | @proj-airi/ui:FieldCombobox | @proj-airi/ui:FieldInput,,button:400,
packages/stage-pages/src/pages/settings/providers/transcription/app-local-audio-transcription.vue,page,,,@proj-airi/stage-ui/components:WIP,,,
packages/stage-pages/src/pages/settings/providers/transcription/browser-local-audio-transcription.vue,page,,,@proj-airi/stage-ui/components:WIP,,,
packages/stage-pages/src/pages/settings/providers/transcription/browser-web-speech-api.vue,page,,,@proj-airi/stage-ui/components:Alert | @proj-airi/stage-ui/components:ErrorContainer | @proj-airi/stage-ui/components:ProviderBasicSettings | @proj-airi/stage-ui/components:ProviderSettingsContainer | @proj-airi/stage-ui/components:ProviderSettingsLayout | @proj-airi/ui:Button | @proj-airi/ui:FieldCombobox,,input:213 | input:227,
packages/stage-pages/src/pages/settings/providers/transcription/comet-api-transcription.vue,page,,,@proj-airi/stage-ui/components:Alert | @proj-airi/stage-ui/components:ProviderAdvancedSettings | @proj-airi/stage-ui/components:ProviderApiKeyInput | @proj-airi/stage-ui/components:ProviderBaseUrlInput | @proj-airi/stage-ui/components:ProviderBasicSettings | @proj-airi/stage-ui/components:ProviderSettingsContainer | @proj-airi/stage-ui/components:ProviderSettingsLayout | @proj-airi/stage-ui/components:TranscriptionPlayground | @proj-airi/ui:FieldInput,,button:141,
packages/stage-pages/src/pages/settings/providers/transcription/mimo-audio-transcription.vue,page,,,@proj-airi/stage-ui/components:Alert | @proj-airi/stage-ui/components:ProviderAdvancedSettings | @proj-airi/stage-ui/components:ProviderApiKeyInput | @proj-airi/stage-ui/components:ProviderBaseUrlInput | @proj-airi/stage-ui/components:ProviderBasicSettings | @proj-airi/stage-ui/components:ProviderSettingsContainer | @proj-airi/stage-ui/components:ProviderSettingsLayout | @proj-airi/stage-ui/components:TranscriptionPlayground | @proj-airi/ui:FieldCombobox,,button:130,
packages/stage-pages/src/pages/settings/providers/transcription/official-provider-transcription.vue,page,,,@proj-airi/stage-ui/components:TranscriptionPlayground | @proj-airi/stage-ui/components:TranscriptionProviderSettings,,,
packages/stage-pages/src/pages/settings/providers/transcription/openai-audio-transcription.vue,page,,,@proj-airi/stage-ui/components:TranscriptionPlayground | @proj-airi/stage-ui/components:TranscriptionProviderSettings | @proj-airi/ui:FieldCombobox,,,
packages/stage-pages/src/pages/settings/providers/transcription/openai-compatible-audio-transcription.vue,page,,,@proj-airi/stage-ui/components:Alert | @proj-airi/stage-ui/components:ProviderAdvancedSettings | @proj-airi/stage-ui/components:ProviderApiKeyInput | @proj-airi/stage-ui/components:ProviderBaseUrlInput | @proj-airi/stage-ui/components:ProviderBasicSettings | @proj-airi/stage-ui/components:ProviderSettingsContainer | @proj-airi/stage-ui/components:ProviderSettingsLayout | @proj-airi/stage-ui/components:TranscriptionPlayground | @proj-airi/ui:FieldCombobox | @proj-airi/ui:FieldInput,,button:251,
packages/stage-pages/src/pages/settings/providers/vision/[providerId].vue,page,,,@proj-airi/stage-ui/components:ProviderAdvancedSettings | @proj-airi/stage-ui/components:ProviderApiKeyInput | @proj-airi/stage-ui/components:ProviderBaseUrlInput | @proj-airi/stage-ui/components:ProviderBasicSettings | @proj-airi/stage-ui/components:ProviderGenerationSettings | @proj-airi/stage-ui/components:ProviderSettingsContainer | @proj-airi/stage-ui/components:ProviderSettingsLayout | @proj-airi/stage-ui/components:ProviderValidationAlerts,,,
packages/stage-pages/src/pages/settings/providers/vision/amazon-bedrock.vue,page,,,@proj-airi/stage-ui/components:Alert | @proj-airi/stage-ui/components:ProviderAccountIdInput | @proj-airi/stage-ui/components:ProviderApiKeyInput | @proj-airi/stage-ui/components:ProviderBasicSettings | @proj-airi/stage-ui/components:ProviderSettingsContainer | @proj-airi/stage-ui/components:ProviderSettingsLayout,,button:92 | button:111,
packages/stage-pages/src/pages/settings/providers/vision/apple-vision.vue,page,,,@proj-airi/stage-ui/components:ProviderSettingsContainer | @proj-airi/stage-ui/components:ProviderSettingsLayout | @proj-airi/stage-ui/components:ProviderValidationAlerts,,,
packages/stage-pages/src/pages/settings/providers/vision/azure-ai-foundry.vue,page,,,@proj-airi/stage-ui/components:ProviderAccountIdInput | @proj-airi/stage-ui/components:ProviderAdvancedSettings | @proj-airi/stage-ui/components:ProviderApiKeyInput | @proj-airi/stage-ui/components:ProviderBasicSettings | @proj-airi/stage-ui/components:ProviderSettingsContainer | @proj-airi/stage-ui/components:ProviderSettingsLayout | @proj-airi/stage-ui/components:ProviderValidationAlerts,,,
packages/stage-pages/src/pages/settings/providers/vision/cloudflare-workers-ai.vue,page,,,@proj-airi/stage-ui/components:ProviderAccountIdInput | @proj-airi/stage-ui/components:ProviderApiKeyInput | @proj-airi/stage-ui/components:ProviderBasicSettings | @proj-airi/stage-ui/components:ProviderSettingsContainer | @proj-airi/stage-ui/components:ProviderSettingsLayout | @proj-airi/stage-ui/components:ProviderValidationAlerts,,,
packages/stage-pages/src/pages/settings/providers/vision/lm-studio.vue,page,,,@proj-airi/stage-ui/components:ProviderBaseUrlInput | @proj-airi/stage-ui/components:ProviderBasicSettings | @proj-airi/stage-ui/components:ProviderSettingsContainer | @proj-airi/stage-ui/components:ProviderSettingsLayout | @proj-airi/stage-ui/components:ProviderValidationAlerts,,,
packages/stage-pages/src/pages/settings/providers/vision/official-provider.vue,page,,,@proj-airi/stage-ui/components:ProviderSettingsContainer | @proj-airi/stage-ui/components:ProviderSettingsLayout | @proj-airi/ui:Callout,,button:46 | button:68,
packages/stage-pages/src/pages/settings/providers/vision/ollama.vue,page,,,@proj-airi/stage-ui/components:ProviderAdvancedSettings | @proj-airi/stage-ui/components:ProviderBaseUrlInput | @proj-airi/stage-ui/components:ProviderBasicSettings | @proj-airi/stage-ui/components:ProviderSettingsContainer | @proj-airi/stage-ui/components:ProviderSettingsLayout | @proj-airi/stage-ui/components:ProviderValidationAlerts | @proj-airi/ui:FieldCombobox | @proj-airi/ui:FieldKeyValues,,,
packages/stage-pages/src/pages/settings/scene/index.vue,page,,,@proj-airi/stage-ui/components:Section | @proj-airi/ui:Button | @proj-airi/ui:Callout,,input:98,
packages/stage-pages/src/pages/settings/system/color-scheme.vue,page,,,@proj-airi/stage-ui/components:ColorPalette | @proj-airi/stage-ui/components:Section | @proj-airi/ui:ColorHueRange,,input:80,
packages/stage-pages/src/pages/settings/system/experimental.vue,page,,,,packages/stage-pages/src/components/settings-experimental-features.vue,,
packages/stage-pages/src/pages/settings/system/general.vue,page,,,,packages/stage-pages/src/components/settings-general-fields.vue,,
packages/stage-pages/src/pages/v2/index.vue,page,,,@proj-airi/ui:GhostButton,,button:108 | button:154,
packages/stage-pages/src/pages/v2/settings.vue,page,,,,,,
packages/stage-pages/src/pages/v2/settings/index.vue,page,,,,,,
packages/stage-pages/src/pages/v2/settings/providers.vue,page,,,@proj-airi/stage-ui/components:PaneArea | @proj-airi/ui:Button | @proj-airi/ui:Input,,,
packages/stage-pages/src/pages/v2/settings/providers/edit.vue,page,,,,,,
packages/stage-pages/src/pages/v2/settings/providers/edit/[providerId]/index.vue,page,,,@proj-airi/stage-ui/components:Alert | @proj-airi/stage-ui/components:ProviderAccountIdInput | @proj-airi/stage-ui/components:ProviderAdvancedSettings | @proj-airi/stage-ui/components:ProviderApiKeyInput | @proj-airi/stage-ui/components:ProviderBaseUrlInput | @proj-airi/stage-ui/components:ProviderBasicSettings | @proj-airi/stage-ui/components:ProviderSettingsContainer | @proj-airi/stage-ui/components:ProviderSettingsLayout | @proj-airi/stage-ui/components:ProviderValidationDetailsDialog | @proj-airi/ui:Button | @proj-airi/ui:Callout | @proj-airi/ui:FieldCheckbox | @proj-airi/ui:FieldCombobox | @proj-airi/ui:FieldInput | @proj-airi/ui:FieldKeyValues | @proj-airi/ui:GhostButton,,,
packages/stage-pages/src/pages/v2/settings/providers/index.vue,page,,,,,,
packages/stage-ui-live2d/src/components/diagnostics/screen-ambient-light-preview.vue,component,,,,,,
packages/stage-ui-live2d/src/components/scenes/Live2D.vue,component,,,@proj-airi/ui:Screen,packages/stage-ui-live2d/src/components/scenes/live2d/Canvas.vue | packages/stage-ui-live2d/src/components/scenes/live2d/Model.vue | packages/stage-ui-live2d/src/components/scenes/live2d/presence-bubble.vue,,
packages/stage-ui-live2d/src/components/scenes/live2d/Canvas.vue,component,,,,,,
packages/stage-ui-live2d/src/components/scenes/live2d/Model.vue,component,,,,,,
packages/stage-ui-live2d/src/components/scenes/live2d/presence-bubble.vue,component,,,,,,
packages/stage-ui-mmd/src/components/scenes/MMD.vue,component,,,@proj-airi/ui:Screen,,,
packages/stage-ui-spine/src/components/scenes/Spine.vue,component,,,@proj-airi/ui:Screen,packages/stage-ui-spine/src/components/scenes/spine/Canvas.vue | packages/stage-ui-spine/src/components/scenes/spine/Model.vue,,
packages/stage-ui-spine/src/components/scenes/spine/Canvas.vue,component,,,,,,
packages/stage-ui-spine/src/components/scenes/spine/Model.vue,component,,,,,,
packages/stage-ui-tachie/src/components/scenes/tachie.vue,component,,,@proj-airi/ui:Screen,packages/stage-ui-tachie/src/components/scenes/tachie/canvas.vue | packages/stage-ui-tachie/src/components/scenes/tachie/model.vue,,
packages/stage-ui-tachie/src/components/scenes/tachie/canvas.vue,component,,,,,,
packages/stage-ui-tachie/src/components/scenes/tachie/model.vue,component,,,,,,
packages/stage-ui-three/src/components/Controls/OrbitControls.vue,component,,,,,,
packages/stage-ui-three/src/components/Environment/SkyBox.vue,component,,,,,,
packages/stage-ui-three/src/components/Model/VRMModel.vue,component,,,,,,
packages/stage-ui-three/src/components/ThreeScene.vue,component,,,@proj-airi/ui:Screen,packages/stage-ui-three/src/components/presence-bubble.vue | packages/stage-ui-three/src/components/Controls/OrbitControls.vue | packages/stage-ui-three/src/components/Environment/SkyBox.vue | packages/stage-ui-three/src/components/Model/VRMModel.vue,,
packages/stage-ui-three/src/components/presence-bubble.vue,component,,,,,,
packages/stage-ui/src/components/animations/Replayable.vue,component,,,,,button:152,
packages/stage-ui/src/components/auth/SignInPanel.vue,component,,,@proj-airi/ui:Button | @proj-airi/ui:Callout,packages/stage-ui/src/components/misc/alert.vue,,
packages/stage-ui/src/components/data-pane/color-picker.vue,component,,packages/stage-ui/src/components/data-pane/index.story.vue,@proj-airi/ui:Input | @proj-airi/ui:Select,,,
packages/stage-ui/src/components/data-pane/container.vue,component,,,@proj-airi/ui:Collapsible,,button:17,
packages/stage-ui/src/components/data-pane/pane.vue,component,,,@proj-airi/ui:ScrollableArea,,,
packages/stage-ui/src/components/data-pane/property-color.vue,component,packages/stage-ui/src/components/data-pane/index.story.vue,,,packages/stage-ui/src/components/data-pane/color-picker.vue,,
packages/stage-ui/src/components/data-pane/property-number.vue,component,packages/stage-ui/src/components/data-pane/index.story.vue | packages/stage-ui/src/components/data-pane/property-number.story.vue,,@proj-airi/ui:Input,,input:164,
packages/stage-ui/src/components/data-pane/property-point.vue,component,,,,,input:154 | input:178 | input:202,
packages/stage-ui/src/components/gadgets/audio-spectrum-visualizer.vue,component,packages/stage-ui/src/components/gadgets/audio-spectrum.story.vue,packages/stage-ui/src/components/menu/voice-card-many-select.story.vue | packages/stage-ui/src/components/menu/voice-card.story.vue,,,,
packages/stage-ui/src/components/gadgets/audio-spectrum.vue,component,packages/stage-ui/src/components/gadgets/audio-spectrum.story.vue,packages/stage-ui/src/components/menu/voice-card-many-select.story.vue | packages/stage-ui/src/components/menu/voice-card.story.vue,,,,
packages/stage-ui/src/components/gadgets/chat-bubble-minimalism.vue,component,packages/stage-ui/src/components/gadgets/chat-bubble-minimalism.story.vue,,,packages/stage-ui/src/components/widgets/poppin-text/PoppinText.web.vue,,
packages/stage-ui/src/components/gadgets/level-meter.vue,component,packages/stage-ui/src/components/gadgets/level-meter.story.vue,packages/stage-ui/src/components/gadgets/processing-meter.story.vue,,,,
packages/stage-ui/src/components/gadgets/processing-meter.vue,component,packages/stage-ui/src/components/gadgets/processing-meter.story.vue,,,packages/stage-ui/src/components/gadgets/level-meter.vue | packages/stage-ui/src/components/gadgets/time-series-chart.vue,,
packages/stage-ui/src/components/gadgets/test-dummy-marker-flat.vue,component,packages/stage-ui/src/components/gadgets/test-dummy-marker.story.vue,,,,,
packages/stage-ui/src/components/gadgets/test-dummy-marker.vue,component,packages/stage-ui/src/components/gadgets/test-dummy-marker.story.vue,,,packages/stage-ui/src/components/graphics/volumed.vue | packages/stage-ui/src/components/physics/cursor-momentum.vue | packages/stage-ui/src/components/gadgets/test-dummy-marker-flat.vue,,
packages/stage-ui/src/components/gadgets/threshold-meter.vue,component,packages/stage-ui/src/components/gadgets/threshold-meter.story.vue,,,,,
packages/stage-ui/src/components/gadgets/time-series-chart.vue,component,packages/stage-ui/src/components/gadgets/time-series-chart.story.vue,packages/stage-ui/src/components/gadgets/processing-meter.story.vue,,,,
packages/stage-ui/src/components/gestures/swipeable.vue,component,,packages/stage-ui/src/components/scenarios/chat/components/history.story.vue,,,,
packages/stage-ui/src/components/graphics/volumed.vue,component,packages/stage-ui/src/components/gadgets/test-dummy-marker.story.vue | packages/stage-ui/src/components/graphics/volumed.story.vue,,,,,
packages/stage-ui/src/components/layouts/backgrounds/background-gradient-overlay.vue,component,,,,,,
packages/stage-ui/src/components/layouts/page-header.vue,component,,,@proj-airi/ui:IconButton,,,
packages/stage-ui/src/components/layouts/ripple-grid/index.vue,component,packages/stage-ui/src/components/layouts/ripple-grid/index.story.vue,,,,,
packages/stage-ui/src/components/layouts/section.vue,component,packages/stage-ui/src/components/layouts/section.story.vue,,@proj-airi/ui:Collapsible,,button:18,
packages/stage-ui/src/components/layouts/splitpanes/pane-area.vue,component,,,,,,
packages/stage-ui/src/components/markdown/markdown-renderer.vue,component,packages/stage-ui/src/components/markdown/markdown-renderer.story.vue,packages/stage-ui/src/components/scenarios/chat/components/history.story.vue,,,,
packages/stage-ui/src/components/menu/character-card.vue,component,packages/stage-ui/src/components/menu/character-card.story.vue,,,,,
packages/stage-ui/src/components/menu/icon-item.vue,component,packages/stage-ui/src/components/menu/icon-item.story.vue,,,,,
packages/stage-ui/src/components/menu/icon-status-item.vue,component,packages/stage-ui/src/components/menu/icon-status-item.story.vue,,,,,
packages/stage-ui/src/components/menu/radio-card-detail.vue,component,packages/stage-ui/src/components/menu/radio-card-detail.story.vue,,@proj-airi/ui:Input | @proj-airi/ui:TransitionVertical,,input:53 | button:128,
packages/stage-ui/src/components/menu/radio-card-many-select.vue,component,,,@proj-airi/ui:BasicButton | @proj-airi/ui:Input,packages/stage-ui/src/components/misc/alert.vue | packages/stage-ui/src/components/menu/radio-card-detail.vue,,
packages/stage-ui/src/components/menu/radio-card-simple.vue,component,packages/stage-ui/src/components/menu/radio-card-simple.story.vue,,,,input:35,
packages/stage-ui/src/components/menu/voice-card-many-select.vue,component,packages/stage-ui/src/components/menu/voice-card-many-select.story.vue,,,packages/stage-ui/src/components/misc/alert.vue | packages/stage-ui/src/components/menu/voice-card.vue,input:324 | button:410,
packages/stage-ui/src/components/menu/voice-card.vue,component,packages/stage-ui/src/components/menu/voice-card.story.vue,packages/stage-ui/src/components/menu/voice-card-many-select.story.vue,@proj-airi/ui:Input | @proj-airi/ui:TransitionVertical,packages/stage-ui/src/components/gadgets/audio-spectrum.vue | packages/stage-ui/src/components/gadgets/audio-spectrum-visualizer.vue,input:107 | button:136,
packages/stage-ui/src/components/misc/alert.vue,component,packages/stage-ui/src/components/misc/alerts.story.vue,packages/stage-ui/src/components/menu/voice-card-many-select.story.vue,,,,
packages/stage-ui/src/components/misc/character-switcher-drawer.vue,component,,,@proj-airi/ui:Avatar | @proj-airi/ui:BasicButton | @proj-airi/ui:BottomDrawer | @proj-airi/ui:GhostButton,,,
packages/stage-ui/src/components/misc/error-container.vue,component,packages/stage-ui/src/components/misc/alerts.story.vue,,,packages/stage-ui/src/components/misc/alert.vue,,
packages/stage-ui/src/components/misc/profile-switcher-popover.vue,component,,,@proj-airi/ui:Select,,input:361 | button:378 | button:392,
packages/stage-ui/src/components/misc/steppers/steppers.vue,component,packages/stage-ui/src/components/misc/steppers/steppers.story.vue,,@proj-airi/ui:BasicButton,,,
packages/stage-ui/src/components/misc/wip.vue,component,packages/stage-ui/src/components/misc/alerts.story.vue,,@proj-airi/ui:Callout,,,
packages/stage-ui/src/components/modules/GamingFactorio.vue,component,,,,packages/stage-ui/src/components/modules/GamingModuleSettings.vue,,
packages/stage-ui/src/components/modules/GamingMinecraft.vue,component,,,@proj-airi/ui:Callout,,,
packages/stage-ui/src/components/modules/GamingModuleSettings.vue,component,,,@proj-airi/ui:Button | @proj-airi/ui:FieldCheckbox | @proj-airi/ui:FieldInput,,,
packages/stage-ui/src/components/modules/MessagingDiscord.vue,component,,,@proj-airi/ui:Button | @proj-airi/ui:FieldCheckbox | @proj-airi/ui:FieldInput,,,
packages/stage-ui/src/components/modules/WebSearch.vue,component,,,@proj-airi/ui:Callout | @proj-airi/ui:FieldCheckbox | @proj-airi/ui:FieldInput,,,
packages/stage-ui/src/components/modules/X.vue,component,,,@proj-airi/ui:Button | @proj-airi/ui:FieldCheckbox | @proj-airi/ui:FieldInput,,,
packages/stage-ui/src/components/modules/stickers.vue,component,,,@proj-airi/ui:Button | @proj-airi/ui:FieldCheckbox | @proj-airi/ui:FieldInput | @proj-airi/ui:FieldInputFile | @proj-airi/ui:FieldSelect | @proj-airi/ui:GhostButton,,,
packages/stage-ui/src/components/physics/cursor-floating.vue,component,packages/stage-ui/src/components/physics/cursor-floating.story.vue,,,,,
packages/stage-ui/src/components/physics/cursor-momentum.vue,component,packages/stage-ui/src/components/gadgets/test-dummy-marker.story.vue | packages/stage-ui/src/components/physics/cursor-momentum.story.vue,,,,,
packages/stage-ui/src/components/scenarios/about/about-content.vue,component,,,,,,
packages/stage-ui/src/components/scenarios/chat/JournalPreviewModal.vue,component,,,@proj-airi/ui:ScrollableArea,packages/stage-ui/src/components/markdown/markdown-renderer.vue,button:35 | button:43,
packages/stage-ui/src/components/scenarios/chat/components/action-menu/index.vue,component,,packages/stage-ui/src/components/scenarios/chat/components/history.story.vue,,,button:366,
packages/stage-ui/src/components/scenarios/chat/components/assistant-item.vue,component,,packages/stage-ui/src/components/scenarios/chat/components/history.story.vue,,packages/stage-ui/src/components/scenarios/chat/components/reply-quote.vue | packages/stage-ui/src/components/scenarios/chat/components/response-citations.vue | packages/stage-ui/src/components/scenarios/chat/components/response-part.vue | packages/stage-ui/src/components/scenarios/chat/components/sticker.vue | packages/stage-ui/src/components/markdown/markdown-renderer.vue | packages/stage-ui/src/components/scenarios/chat/components/action-menu/index.vue,,
packages/stage-ui/src/components/scenarios/chat/components/chat-history-scroll-container.vue,component,,packages/stage-ui/src/components/scenarios/chat/components/history.story.vue,@proj-airi/ui:ScrollableArea,,,
packages/stage-ui/src/components/scenarios/chat/components/error-item.vue,component,,packages/stage-ui/src/components/scenarios/chat/components/history.story.vue,@proj-airi/ui:BasicButton | @proj-airi/ui:IconButton,packages/stage-ui/src/components/markdown/markdown-renderer.vue | packages/stage-ui/src/components/scenarios/chat/components/action-menu/index.vue,,
packages/stage-ui/src/components/scenarios/chat/components/history-message-frame.vue,component,,packages/stage-ui/src/components/scenarios/chat/components/history.story.vue,,packages/stage-ui/src/components/gestures/swipeable.vue,,
packages/stage-ui/src/components/scenarios/chat/components/history-time-separator.vue,component,,packages/stage-ui/src/components/scenarios/chat/components/history.story.vue,@proj-airi/ui:BasicButton,,,
packages/stage-ui/src/components/scenarios/chat/components/history.vue,component,packages/stage-ui/src/components/scenarios/chat/components/history.story.vue,,,packages/stage-ui/src/components/scenarios/chat/components/assistant-item.vue | packages/stage-ui/src/components/scenarios/chat/components/chat-history-scroll-container.vue | packages/stage-ui/src/components/scenarios/chat/components/error-item.vue | packages/stage-ui/src/components/scenarios/chat/components/history-message-frame.vue | packages/stage-ui/src/components/scenarios/chat/components/history-time-separator.vue | packages/stage-ui/src/components/scenarios/chat/components/user-item.vue,,
packages/stage-ui/src/components/scenarios/chat/components/image-attachment-preview.vue,component,,,@proj-airi/ui:IconButton,,,
packages/stage-ui/src/components/scenarios/chat/components/reply-preview.vue,component,,,@proj-airi/ui:IconButton,,,
packages/stage-ui/src/components/scenarios/chat/components/reply-quote.vue,component,,packages/stage-ui/src/components/scenarios/chat/components/history.story.vue,,,,
packages/stage-ui/src/components/scenarios/chat/components/response-citations.vue,component,,packages/stage-ui/src/components/scenarios/chat/components/history.story.vue,,,,
packages/stage-ui/src/components/scenarios/chat/components/response-part.vue,component,,packages/stage-ui/src/components/scenarios/chat/components/history.story.vue,@proj-airi/ui:Truncatable,packages/stage-ui/src/components/markdown/markdown-renderer.vue,,
packages/stage-ui/src/components/scenarios/chat/components/sessions-dialog.vue,component,,,@proj-airi/ui:BasicButton | @proj-airi/ui:BottomDrawer,packages/stage-ui/src/components/scenarios/chat/components/sessions-list.vue,,
packages/stage-ui/src/components/scenarios/chat/components/sessions-drawer.vue,component,,,,packages/stage-ui/src/components/scenarios/chat/components/sessions-dialog.vue,,
packages/stage-ui/src/components/scenarios/chat/components/sessions-list.vue,component,,,@proj-airi/ui:BasicButton | @proj-airi/ui:Button | @proj-airi/ui:GhostButton | @proj-airi/ui:ScrollableArea | @proj-airi/ui:SwipeActionButton | @proj-airi/ui:SwipeActionsContent | @proj-airi/ui:SwipeActionsItem | @proj-airi/ui:SwipeActionsList | @proj-airi/ui:SwipeActionsRoot,,,
packages/stage-ui/src/components/scenarios/chat/components/sticker.vue,component,,packages/stage-ui/src/components/scenarios/chat/components/history.story.vue,,,,
packages/stage-ui/src/components/scenarios/chat/components/tool-call-block.vue,component,,,@proj-airi/ui:ContainerError,packages/stage-ui/src/components/scenarios/chat/components/tool-call-shell.vue,button:48,
packages/stage-ui/src/components/scenarios/chat/components/tool-call-shell.vue,component,packages/stage-ui/src/components/scenarios/chat/components/tool-call-shell.story.vue,,@proj-airi/ui:BasicButton | @proj-airi/ui:Collapsible,,,
packages/stage-ui/src/components/scenarios/chat/components/user-item.vue,component,,packages/stage-ui/src/components/scenarios/chat/components/history.story.vue,,packages/stage-ui/src/components/scenarios/chat/components/reply-quote.vue | packages/stage-ui/src/components/markdown/markdown-renderer.vue | packages/stage-ui/src/components/scenarios/chat/components/action-menu/index.vue,,
packages/stage-ui/src/components/scenarios/chat/components/voice-drafts.vue,component,,,@proj-airi/ui:BasicButton | @proj-airi/ui:BasicTextarea | @proj-airi/ui:Button | @proj-airi/ui:GhostButton,,,
packages/stage-ui/src/components/scenarios/chat/components/voice-message-controls.vue,component,,,@proj-airi/ui:BasicButton | @proj-airi/ui:Button,packages/stage-ui/src/components/scenarios/chat/components/voice-message-preview.vue,,
packages/stage-ui/src/components/scenarios/chat/components/voice-message-preview.vue,component,,,@proj-airi/ui:Button,,,
packages/stage-ui/src/components/scenarios/chat/composables/use-element-scroll-visualize.vue,component,packages/stage-ui/src/components/scenarios/chat/components/history.story.vue,,,,,
packages/stage-ui/src/components/scenarios/connection/settings/index.vue,component,,,@proj-airi/ui:FieldInput,,,
packages/stage-ui/src/components/scenarios/dialogs/about.vue,component,,,,packages/stage-ui/src/components/scenarios/dialogs/about/about-dialog.vue | packages/stage-ui/src/components/scenarios/about/about-content.vue,,
packages/stage-ui/src/components/scenarios/dialogs/about/about-dialog.vue,component,,,,,,
packages/stage-ui/src/components/scenarios/dialogs/audio-input/hearing-config-dialog.vue,component,,,,packages/stage-ui/src/components/scenarios/dialogs/audio-input/hearing-config.vue,,
packages/stage-ui/src/components/scenarios/dialogs/audio-input/hearing-config.vue,component,,,@proj-airi/ui:FieldCheckbox | @proj-airi/ui:FieldCombobox,,button:105,
packages/stage-ui/src/components/scenarios/dialogs/background-picker/background-picker-dialog.vue,component,,,,packages/stage-ui/src/components/scenarios/dialogs/background-picker/background-picker.vue,,
packages/stage-ui/src/components/scenarios/dialogs/background-picker/background-picker.vue,component,,,@proj-airi/ui:BasicInputFile,packages/stage-ui/src/components/layouts/backgrounds/background-gradient-overlay.vue,button:228 | input:288 | button:320,
packages/stage-ui/src/components/scenarios/dialogs/bug-report/bug-report-dialog.vue,component,,packages/stage-ui/src/components/scenarios/dialogs/bug-report/bug-report.story.vue,,packages/stage-ui/src/components/scenarios/dialogs/bug-report/bug-report-form.vue,,
packages/stage-ui/src/components/scenarios/dialogs/bug-report/bug-report-form.vue,component,,packages/stage-ui/src/components/scenarios/dialogs/bug-report/bug-report.story.vue,@proj-airi/ui:Button | @proj-airi/ui:ContainerError | @proj-airi/ui:FieldCheckbox | @proj-airi/ui:FieldInputFile | @proj-airi/ui:Textarea,,,
packages/stage-ui/src/components/scenarios/dialogs/bug-report/bug-report-trigger.vue,component,packages/stage-ui/src/components/scenarios/dialogs/bug-report/bug-report.story.vue,,@proj-airi/ui:Button,packages/stage-ui/src/components/scenarios/dialogs/bug-report/bug-report-dialog.vue,,
packages/stage-ui/src/components/scenarios/dialogs/model-selector/model-selector-dialog.vue,component,,,,packages/stage-ui/src/components/scenarios/dialogs/model-selector/model-selector.vue,,
packages/stage-ui/src/components/scenarios/dialogs/model-selector/model-selector.vue,component,,,@proj-airi/ui:Button,packages/stage-ui/src/components/scenarios/dialogs/model-selector/reports/live2d/modal.vue | packages/stage-ui/src/components/scenarios/dialogs/model-selector/tachieReportModal.vue,button:362,
packages/stage-ui/src/components/scenarios/dialogs/model-selector/reports/live2d/content.vue,component,,packages/stage-ui/src/components/scenarios/dialogs/model-selector/reports/live2d/modal.story.vue,@proj-airi/ui:Button,,button:200,
packages/stage-ui/src/components/scenarios/dialogs/model-selector/reports/live2d/modal.vue,component,packages/stage-ui/src/components/scenarios/dialogs/model-selector/reports/live2d/modal.story.vue,,@proj-airi/ui:Button,packages/stage-ui/src/components/scenarios/dialogs/model-selector/reports/live2d/content.vue,,
packages/stage-ui/src/components/scenarios/dialogs/model-selector/tachieReportModal.vue,component,,,@proj-airi/ui:Button,,,
packages/stage-ui/src/components/scenarios/dialogs/onboarding/onboarding-dialog.vue,component,,,,packages/stage-ui/src/components/scenarios/dialogs/onboarding/onboarding.vue,,
packages/stage-ui/src/components/scenarios/dialogs/onboarding/onboarding.vue,component,,,,,,
packages/stage-ui/src/components/scenarios/dialogs/onboarding/step-analytics-notice.vue,component,,,@proj-airi/ui:Button | @proj-airi/ui:Callout,,button:21,
packages/stage-ui/src/components/scenarios/dialogs/onboarding/step-model-selection.vue,component,,,@proj-airi/ui:Button,packages/stage-ui/src/components/misc/alert.vue | packages/stage-ui/src/components/menu/radio-card-many-select.vue,button:36,
packages/stage-ui/src/components/scenarios/dialogs/onboarding/step-provider-configuration.vue,component,,,@proj-airi/ui:Button | @proj-airi/ui:Callout | @proj-airi/ui:FieldCheckbox | @proj-airi/ui:FieldInput | @proj-airi/ui:ScrollableArea,packages/stage-ui/src/components/misc/alert.vue | packages/stage-ui/src/components/scenarios/providers/provider-account-id-input.vue,button:237 | button:323,
packages/stage-ui/src/components/scenarios/dialogs/onboarding/step-provider-selection.vue,component,,,@proj-airi/ui:Button | @proj-airi/ui:ScrollableArea,packages/stage-ui/src/components/menu/radio-card-detail.vue,button:35,
packages/stage-ui/src/components/scenarios/dialogs/onboarding/step-welcome.vue,component,,,@proj-airi/ui:Button | @proj-airi/ui:DropdownMenu,,button:53,
packages/stage-ui/src/components/scenarios/dialogs/validation-details/provider-validation-details-dialog.vue,component,,,@proj-airi/ui:Button,,,
packages/stage-ui/src/components/scenarios/hologram/holo-coupon.vue,component,,,,,button:131 | button:149 | button:203 | button:251,
packages/stage-ui/src/components/scenarios/providers/provider-account-id-input.vue,component,packages/stage-ui/src/components/scenarios/providers/provider-account-id-input.story.vue,,@proj-airi/ui:FieldInput,,,
packages/stage-ui/src/components/scenarios/providers/provider-advanced-settings.vue,component,packages/stage-ui/src/components/scenarios/providers/provider-advanced-settings.story.vue | packages/stage-ui/src/components/scenarios/providers/provider-settings-container.story.vue,,@proj-airi/ui:Collapsible,,button:20,
packages/stage-ui/src/components/scenarios/providers/provider-api-key-input.vue,component,packages/stage-ui/src/components/scenarios/providers/provider-api-key-input.story.vue,,@proj-airi/ui:FieldInput,,,
packages/stage-ui/src/components/scenarios/providers/provider-base-url-input.vue,component,packages/stage-ui/src/components/scenarios/providers/provider-base-url-input.story.vue,,@proj-airi/ui:FieldInput,,,
packages/stage-ui/src/components/scenarios/providers/provider-basic-settings.vue,component,packages/stage-ui/src/components/scenarios/providers/provider-basic-settings.story.vue | packages/stage-ui/src/components/scenarios/providers/provider-settings-container.story.vue,,,,button:20,
packages/stage-ui/src/components/scenarios/providers/provider-download-model.vue,component,,,,,button:58,
packages/stage-ui/src/components/scenarios/providers/provider-generation-settings.vue,component,,,@proj-airi/ui:FieldCheckbox | @proj-airi/ui:FieldCombobox,,,
packages/stage-ui/src/components/scenarios/providers/provider-settings-container.vue,component,packages/stage-ui/src/components/scenarios/providers/provider-settings-container.story.vue,,,,,
packages/stage-ui/src/components/scenarios/providers/provider-settings-layout.vue,component,packages/stage-ui/src/components/scenarios/providers/provider-settings-layout.story.vue,,,,,
packages/stage-ui/src/components/scenarios/providers/provider-validation-alerts.vue,component,,,@proj-airi/ui:BasicButton,packages/stage-ui/src/components/misc/alert.vue,,
packages/stage-ui/src/components/scenarios/providers/speech-playground-openai-compatible.vue,component,,,@proj-airi/ui:FieldCheckbox | @proj-airi/ui:FieldInput,packages/stage-ui/src/components/gadgets/test-dummy-marker.vue,textarea:141 | textarea:151 | button:162,
packages/stage-ui/src/components/scenarios/providers/speech-playground.vue,component,,,@proj-airi/ui:FieldCheckbox | @proj-airi/ui:FieldCombobox,packages/stage-ui/src/components/gadgets/test-dummy-marker.vue,textarea:187 | textarea:197 | button:224,
packages/stage-ui/src/components/scenarios/providers/speech-provider-settings.vue,component,,,,packages/stage-ui/src/components/scenarios/providers/provider-settings-layout.vue | packages/stage-ui/src/components/scenarios/providers/provider-advanced-settings.vue | packages/stage-ui/src/components/scenarios/providers/provider-api-key-input.vue | packages/stage-ui/src/components/scenarios/providers/provider-base-url-input.vue | packages/stage-ui/src/components/scenarios/providers/provider-basic-settings.vue | packages/stage-ui/src/components/scenarios/providers/provider-settings-container.vue,,
packages/stage-ui/src/components/scenarios/providers/transcription-playground.vue,component,,,@proj-airi/ui:Button | @proj-airi/ui:FieldCombobox | @proj-airi/ui:FieldRange,packages/stage-ui/src/components/gadgets/level-meter.vue | packages/stage-ui/src/components/gadgets/test-dummy-marker.vue | packages/stage-ui/src/components/gadgets/threshold-meter.vue,,
packages/stage-ui/src/components/scenarios/providers/transcription-provider-settings.vue,component,,,,packages/stage-ui/src/components/scenarios/providers/provider-advanced-settings.vue | packages/stage-ui/src/components/scenarios/providers/provider-api-key-input.vue | packages/stage-ui/src/components/scenarios/providers/provider-base-url-input.vue | packages/stage-ui/src/components/scenarios/providers/provider-basic-settings.vue | packages/stage-ui/src/components/scenarios/providers/provider-settings-container.vue | packages/stage-ui/src/components/scenarios/providers/provider-settings-layout.vue,,
packages/stage-ui/src/components/scenarios/providers/voicevox-family-settings.vue,component,,,@proj-airi/ui:Callout | @proj-airi/ui:FieldRange,packages/stage-ui/src/components/misc/alert.vue | packages/stage-ui/src/components/scenarios/providers/speech-playground.vue | packages/stage-ui/src/components/scenarios/providers/speech-provider-settings.vue,button:95,
packages/stage-ui/src/components/scenarios/settings/ModelCacheManager.vue,component,,,@proj-airi/ui:Button | @proj-airi/ui:GhostButton,,,
packages/stage-ui/src/components/scenarios/settings/bar.vue,component,packages/stage-ui/src/components/scenarios/settings/settings-bars.story.vue,,,,,
packages/stage-ui/src/components/scenarios/settings/button-bar.vue,component,packages/stage-ui/src/components/scenarios/settings/settings-bars.story.vue,,@proj-airi/ui:Button,packages/stage-ui/src/components/scenarios/settings/bar.vue,,
packages/stage-ui/src/components/scenarios/settings/check-bar.vue,component,packages/stage-ui/src/components/scenarios/settings/settings-bars.story.vue,,@proj-airi/ui:Checkbox,packages/stage-ui/src/components/scenarios/settings/bar.vue,,
packages/stage-ui/src/components/scenarios/settings/model-settings/godot.vue,component,,,@proj-airi/ui:Callout,packages/stage-ui/src/components/data-pane/container.vue | packages/stage-ui/src/components/data-pane/property-number.vue,,
packages/stage-ui/src/components/scenarios/settings/model-settings/index.vue,component,,,,packages/stage-ui/src/components/scenarios/settings/model-settings/panel.vue | packages/stage-ui/src/components/scenarios/settings/model-settings/preview-stage.vue,,
packages/stage-ui/src/components/scenarios/settings/model-settings/live2d.vue,component,,,@proj-airi/ui:Button | @proj-airi/ui:Checkbox | @proj-airi/ui:FieldCheckbox | @proj-airi/ui:FieldCombobox | @proj-airi/ui:FieldRange | @proj-airi/ui:SelectTab,packages/stage-ui/src/features/motions/live2d/components/magic-settings.vue | packages/stage-ui/src/components/data-pane/property-point.vue | packages/stage-ui/src/components/layouts/section.vue | packages/stage-ui/src/components/widgets/ColorPalette.vue,button:262 | button:272 | button:282 | button:506 | button:516 | button:526 | button:541 | button:551 | button:561 | button:571 | button:586 | button:596 | button:606 | button:616 | button:626 | button:636 | button:646 | button:656 | button:671 | button:681 | button:696 | button:711 | button:721 | button:731 | button:741,
packages/stage-ui/src/components/scenarios/settings/model-settings/mmd.vue,component,,,@proj-airi/ui:Button | @proj-airi/ui:FieldCheckbox | @proj-airi/ui:FieldCombobox | @proj-airi/ui:FieldRange | @proj-airi/ui:GhostButton,packages/stage-ui/src/components/data-pane/container.vue | packages/stage-ui/src/components/data-pane/property-color.vue | packages/stage-ui/src/components/data-pane/property-number.vue | packages/stage-ui/src/components/layouts/section.vue | packages/stage-ui/src/components/widgets/ColorPalette.vue,button:326,
packages/stage-ui/src/components/scenarios/settings/model-settings/panel.vue,component,,,@proj-airi/ui:Button | @proj-airi/ui:Callout | @proj-airi/ui:ScrollableArea,packages/stage-ui/src/components/scenarios/settings/model-settings/godot.vue | packages/stage-ui/src/components/scenarios/settings/model-settings/live2d.vue | packages/stage-ui/src/components/scenarios/settings/model-settings/mmd.vue | packages/stage-ui/src/components/scenarios/settings/model-settings/spine.vue | packages/stage-ui/src/components/scenarios/settings/model-settings/tachie.vue | packages/stage-ui/src/components/scenarios/settings/model-settings/vrm.vue | packages/stage-ui/src/components/scenarios/dialogs/model-selector/model-selector-dialog.vue,,
packages/stage-ui/src/components/scenarios/settings/model-settings/preview-stage.vue,component,,,@proj-airi/stage-ui-live2d:Live2DScene | @proj-airi/stage-ui-mmd:MMDScene | @proj-airi/stage-ui-spine:SpineScene | @proj-airi/stage-ui-tachie:TachieScene | @proj-airi/stage-ui-three:ThreeScene,,,
packages/stage-ui/src/components/scenarios/settings/model-settings/spine.vue,component,,,@proj-airi/ui:Button | @proj-airi/ui:FieldCombobox | @proj-airi/ui:FieldRange | @proj-airi/ui:SelectTab,packages/stage-ui/src/components/layouts/section.vue | packages/stage-ui/src/components/widgets/ColorPalette.vue,,
packages/stage-ui/src/components/scenarios/settings/model-settings/tachie.vue,component,,,@proj-airi/ui:Button | @proj-airi/ui:FieldCheckbox | @proj-airi/ui:FieldRange,packages/stage-ui/src/components/layouts/section.vue | packages/stage-ui/src/components/widgets/ColorPalette.vue,,
packages/stage-ui/src/components/scenarios/settings/model-settings/vrm.vue,component,,,@proj-airi/ui:Button | @proj-airi/ui:Callout | @proj-airi/ui:GhostButton | @proj-airi/ui:SelectTab,packages/stage-ui/src/components/data-pane/container.vue | packages/stage-ui/src/components/data-pane/property-color.vue | packages/stage-ui/src/components/data-pane/property-number.vue | packages/stage-ui/src/components/data-pane/property-point.vue | packages/stage-ui/src/components/widgets/ColorPalette.vue,,
packages/stage-ui/src/components/scenarios/startup/startup-overlay.vue,component,,,@proj-airi/ui-loading-screens/startup-screen:StartupScreen,,,
packages/stage-ui/src/components/scenarios/status/hearing-status.vue,component,,,,packages/stage-ui/src/components/scenarios/status/status-capsule.vue,,
packages/stage-ui/src/components/scenarios/status/status-capsule.vue,component,packages/stage-ui/src/components/scenarios/status/status-capsule.story.vue,,@proj-airi/ui:BasicButton,,,
packages/stage-ui/src/components/scenarios/toasters/toaster-pwa-update-ready.vue,component,packages/stage-ui/src/components/scenarios/toasters/toaster-pwa-update-ready.story.vue,,@proj-airi/ui:Button,,,
packages/stage-ui/src/components/scenarios/toasters/toaster-root.vue,component,packages/stage-ui/src/components/scenarios/toasters/toaster-pwa-update-ready.story.vue,,,,,
packages/stage-ui/src/components/scenes/Stage.vue,component,,,@proj-airi/stage-ui-live2d:Live2DScene | @proj-airi/stage-ui-mmd:MMDScene | @proj-airi/stage-ui-spine:SpineScene | @proj-airi/stage-ui-tachie:TachieScene | @proj-airi/stage-ui-three:ThreeScene | @proj-airi/ui:Callout,packages/stage-ui/src/components/scenes/stage-render-error.vue,,
packages/stage-ui/src/components/scenes/ViewControlSlider.vue,component,,,@proj-airi/ui:RoundRange,,,
packages/stage-ui/src/components/scenes/stage-render-error.vue,component,,,@proj-airi/ui:Button | @proj-airi/ui:ContainerError,packages/stage-ui/src/components/scenarios/dialogs/bug-report/bug-report-dialog.vue,,
packages/stage-ui/src/components/widgets/ColorPalette.vue,component,,,,,,
packages/stage-ui/src/components/widgets/PoppingSubtitles.web.vue,component,packages/stage-ui/src/components/widgets/PoppingSubtitles.web.story.vue,,@proj-airi/ui:Button,,,
packages/stage-ui/src/components/widgets/poppin-text/PoppinText.web.vue,component,packages/stage-ui/src/components/widgets/poppin-text/PoppinText.web.story.vue,packages/stage-ui/src/components/gadgets/chat-bubble-minimalism.story.vue,,,,
packages/stage-ui/src/features/devtools/motion/live2d/components/breath-control.vue,component,,,@proj-airi/ui:BasicButton | @proj-airi/ui:FieldRange,,,
packages/stage-ui/src/features/devtools/motion/live2d/components/eye-view-control.vue,component,,,@proj-airi/ui:BasicButton | @proj-airi/ui:FieldRange,,,
packages/stage-ui/src/features/devtools/motion/live2d/components/input-hints.vue,component,,,,,,
packages/stage-ui/src/features/devtools/motion/live2d/components/joystick.vue,component,,,@proj-airi/ui:BasicButton | @proj-airi/ui:Button | @proj-airi/ui:FieldRange,packages/stage-ui/src/features/devtools/motion/live2d/components/input-hints.vue,,
packages/stage-ui/src/features/devtools/motion/live2d/components/keyframe-editor.vue,component,,,@proj-airi/ui:BasicButton,packages/stage-ui/src/features/devtools/motion/live2d/components/input-hints.vue | packages/stage-ui/src/features/devtools/motion/live2d/components/playback-controls.vue | packages/stage-ui/src/features/devtools/motion/live2d/components/timeline-ruler.vue | packages/stage-ui/src/features/devtools/motion/live2d/components/track-row.vue,input:527,
packages/stage-ui/src/features/devtools/motion/live2d/components/output-filter.vue,component,,,@proj-airi/ui:BasicButton | @proj-airi/ui:FieldRange,,,
packages/stage-ui/src/features/devtools/motion/live2d/components/playback-controls.vue,component,,,@proj-airi/ui:BasicButton,,,
packages/stage-ui/src/features/devtools/motion/live2d/components/preview.vue,component,,,,,,
packages/stage-ui/src/features/devtools/motion/live2d/components/procedural-motion.vue,component,,,@proj-airi/ui:BasicButton | @proj-airi/ui:FieldRange | @proj-airi/ui:SelectTab,packages/stage-ui/src/features/devtools/motion/live2d/components/output-filter.vue,,
packages/stage-ui/src/features/devtools/motion/live2d/components/timeline-ruler.vue,component,,,,,,
packages/stage-ui/src/features/devtools/motion/live2d/components/track-row.vue,component,,,@proj-airi/ui:BasicButton | @proj-airi/ui:Range | @proj-airi/ui:Select,,button:184 | button:189,
packages/stage-ui/src/features/devtools/motion/live2d/components/workbench.vue,component,,,,,,
packages/stage-ui/src/features/devtools/motion/live2d/devtools.vue,entry-or-layout,,,@proj-airi/ui:BasicButton | @proj-airi/ui:FieldRange,packages/stage-ui/src/features/devtools/motion/live2d/components/breath-control.vue | packages/stage-ui/src/features/devtools/motion/live2d/components/eye-view-control.vue | packages/stage-ui/src/features/devtools/motion/live2d/components/joystick.vue | packages/stage-ui/src/features/devtools/motion/live2d/components/keyframe-editor.vue | packages/stage-ui/src/features/devtools/motion/live2d/components/preview.vue | packages/stage-ui/src/features/devtools/motion/live2d/components/procedural-motion.vue | packages/stage-ui/src/features/devtools/motion/live2d/components/workbench.vue,,
packages/stage-ui/src/features/motions/live2d/components/magic-settings.vue,component,,,@proj-airi/ui:FieldCheckbox | @proj-airi/ui:FieldSelect,,,
packages/stage-ui/src/libs/providers/providers/apple-speech/hearing-settings.vue,entry-or-layout,,,@proj-airi/ui:FieldCombobox | @proj-airi/ui:GhostButton,,,
packages/stage-ui/src/libs/providers/providers/sherpaw/hearing-settings.vue,entry-or-layout,,,@proj-airi/ui:FieldCombobox,,,
packages/ui-loading-screens/playground/src/App.vue,entry-or-layout,,,,,,
packages/ui-loading-screens/playground/src/pages/index.vue,page,,,,packages/ui-loading-screens/src/components/LoadingLogoWithBar.vue,,
packages/ui-loading-screens/playground/src/pages/scifi-circle.vue,page,,,@proj-airi/ui:Checkbox,packages/ui-loading-screens/src/components/LoadingSciFiCircle/index.vue,,
packages/ui-loading-screens/src/components/LoadingLogoWithBar.vue,component,,,,,,
packages/ui-loading-screens/src/components/LoadingSciFiCircle/CRT.vue,component,,,,,,
packages/ui-loading-screens/src/components/LoadingSciFiCircle/CRTLine.vue,component,,,,,,
packages/ui-loading-screens/src/components/LoadingSciFiCircle/index.vue,component,,,,packages/ui-loading-screens/src/components/LoadingSciFiCircle/CRT.vue | packages/ui-loading-screens/src/components/LoadingSciFiCircle/CRTLine.vue,,
packages/ui-loading-screens/src/components/startup-error-details.vue,component,,,@proj-airi/ui:Button,,button:57,
packages/ui-loading-screens/src/components/startup-screen.vue,component,,,@proj-airi/ui:Button | @proj-airi/ui:Progress,packages/ui-loading-screens/src/components/startup-error-details.vue,,
packages/ui-transitions/playground/src/App.vue,entry-or-layout,,,,packages/ui-transitions/src/components/StageTransitionGroup.vue,,
packages/ui-transitions/playground/src/components/Buttons.vue,component,,,,,,
packages/ui-transitions/playground/src/pages/index.vue,page,,,,packages/ui-transitions/playground/src/components/Buttons.vue,,
packages/ui-transitions/playground/src/pages/transition-2.vue,page,,,,packages/ui-transitions/playground/src/components/Buttons.vue,,
packages/ui-transitions/playground/src/pages/transition-3.vue,page,,,,packages/ui-transitions/playground/src/components/Buttons.vue,,
packages/ui-transitions/playground/src/pages/transition-4.vue,page,,,,packages/ui-transitions/playground/src/components/Buttons.vue,,
packages/ui-transitions/playground/src/pages/transition-5.vue,page,,,,packages/ui-transitions/playground/src/components/Buttons.vue,,
packages/ui-transitions/playground/src/pages/transition-6.vue,page,,,,packages/ui-transitions/playground/src/components/Buttons.vue,,
packages/ui-transitions/playground/src/pages/transition-7.vue,page,,,,packages/ui-transitions/playground/src/components/Buttons.vue,,
packages/ui-transitions/src/components/ArrowTransition.vue,component,,,,,,
packages/ui-transitions/src/components/BubbleWaveOutTransition.vue,component,,,,,,
packages/ui-transitions/src/components/FantasyFallTransition.vue,component,,,,,,
packages/ui-transitions/src/components/MultipleBlocksRevealTransition.vue,component,,,,,,
packages/ui-transitions/src/components/RectanglesRotateTransition.vue,component,,,,,,
packages/ui-transitions/src/components/SlideTransition.vue,component,,,,,,
packages/ui-transitions/src/components/SlopeSlideTransition.vue,component,,,,,,
packages/ui-transitions/src/components/StageTransitionGroup.vue,component,,,,,,
packages/ui/src/components/animations/animated-content.vue,component,packages/stage-ui/src/components/animations/transitions.story.vue,packages/stage-ui/src/components/misc/dropdown-menu.story.vue,,,,
packages/ui/src/components/animations/transition-bidirectional.vue,component,packages/stage-ui/src/components/animations/transitions.story.vue,packages/stage-ui/src/components/layouts/bottom-drawer.story.vue | packages/stage-ui/src/components/layouts/collapsible.story.vue | packages/stage-ui/src/components/misc/button.story.vue | packages/stage-ui/src/components/misc/dropdown-menu.story.vue | packages/stage-ui/src/components/misc/error-boundary.story.vue | packages/stage-ui/src/components/scenarios/dialogs/model-selector/reports/live2d/modal.story.vue | packages/stage-ui/src/components/scenarios/settings/settings-bars.story.vue | packages/stage-ui/src/components/form/field/remaining-fields.story.vue | packages/stage-ui/src/components/misc/basic-button.story.vue | packages/stage-ui/src/components/misc/swipe-actions.story.vue | packages/stage-ui/src/components/scenarios/chat/components/tool-call-shell.story.vue | packages/stage-ui/src/components/misc/container-error.story.vue | packages/stage-ui/src/components/misc/double-check-button.story.vue | packages/stage-ui/src/components/misc/steppers/steppers.story.vue | packages/stage-ui/src/components/scenarios/chat/components/history.story.vue | packages/stage-ui/src/components/scenarios/dialogs/bug-report/bug-report.story.vue | packages/stage-ui/src/components/scenarios/status/status-capsule.story.vue | packages/stage-ui/src/components/scenarios/toasters/toaster-pwa-update-ready.story.vue | packages/stage-ui/src/components/widgets/PoppingSubtitles.web.story.vue,,,,
packages/ui/src/components/animations/transition-horizontal.vue,component,packages/stage-ui/src/components/animations/transitions.story.vue,,,,,
packages/ui/src/components/animations/transition-vertical.vue,component,packages/stage-ui/src/components/animations/transitions.story.vue,packages/stage-ui/src/components/layouts/collapsible.story.vue | packages/stage-ui/src/components/layouts/section.story.vue | packages/stage-ui/src/components/menu/radio-card-detail.story.vue | packages/stage-ui/src/components/menu/voice-card-many-select.story.vue | packages/stage-ui/src/components/menu/voice-card.story.vue | packages/stage-ui/src/components/scenarios/chat/components/tool-call-shell.story.vue | packages/stage-ui/src/components/scenarios/providers/provider-advanced-settings.story.vue | packages/stage-ui/src/components/scenarios/providers/provider-settings-container.story.vue,,,,
packages/ui/src/components/form/checkbox/checkbox.vue,component,packages/stage-ui/src/components/form/checkbox/checkbox.story.vue,packages/stage-ui/src/components/form/field/field-checkbox.story.vue | packages/stage-ui/src/components/scenarios/dialogs/bug-report/bug-report.story.vue | packages/stage-ui/src/components/scenarios/settings/settings-bars.story.vue,,,,
packages/ui/src/components/form/combobox-select/combobox-option.vue,component,,,,,,
packages/ui/src/components/form/combobox-select/combobox-select.vue,component,packages/stage-ui/src/components/form/combobox-select/combobox-select.story.vue,packages/stage-ui/src/components/form/field/field-combobox-select.story.vue,,packages/ui/src/components/form/combobox/combobox.vue,,
packages/ui/src/components/form/combobox/combobox.vue,component,packages/stage-ui/src/components/form/combobox/combobox.story.vue,packages/stage-ui/src/components/form/combobox-select/combobox-select.story.vue | packages/stage-ui/src/components/form/field/field-combobox-select.story.vue,,,,
packages/ui/src/components/form/field/field-button.vue,component,packages/stage-ui/src/components/form/field/remaining-fields.story.vue,,,packages/ui/src/components/misc/button.vue,,
packages/ui/src/components/form/field/field-checkbox.vue,component,packages/stage-ui/src/components/form/field/field-checkbox.story.vue,packages/stage-ui/src/components/scenarios/dialogs/bug-report/bug-report.story.vue,,packages/ui/src/components/form/checkbox/checkbox.vue,,
packages/ui/src/components/form/field/field-combobox-select.vue,component,packages/stage-ui/src/components/form/field/field-combobox-select.story.vue,,,packages/ui/src/components/form/combobox-select/combobox-select.vue,,
packages/ui/src/components/form/field/field-input-file.vue,component,packages/stage-ui/src/components/form/field/field-input-file.story.vue,packages/stage-ui/src/components/scenarios/dialogs/bug-report/bug-report.story.vue,,packages/ui/src/components/form/input/input-file.vue,,
packages/ui/src/components/form/field/field-input.vue,component,packages/stage-ui/src/components/form/field/field-input-text.story.vue,packages/stage-ui/src/components/scenarios/providers/provider-account-id-input.story.vue | packages/stage-ui/src/components/scenarios/providers/provider-api-key-input.story.vue | packages/stage-ui/src/components/scenarios/providers/provider-base-url-input.story.vue,,packages/ui/src/components/form/input/input.vue,textarea:78,
packages/ui/src/components/form/field/field-key-values.vue,component,packages/stage-ui/src/components/form/field/field-key-values.story.vue,,,packages/ui/src/components/form/input/input-key-value.vue,button:59,
packages/ui/src/components/form/field/field-range.vue,component,packages/stage-ui/src/components/form/field/field-range.story.vue | packages/stage-ui/src/components/gadgets/audio-spectrum.story.vue | packages/stage-ui/src/components/widgets/poppin-text/PoppinText.web.story.vue,,,packages/ui/src/components/form/range/range.vue,button:38,
packages/ui/src/components/form/field/field-select.vue,component,packages/stage-ui/src/components/form/field/field-select.story.vue,,,packages/ui/src/components/form/select/select.vue,,
packages/ui/src/components/form/field/field-text-area.vue,component,packages/stage-ui/src/components/form/field/remaining-fields.story.vue,,,packages/ui/src/components/form/textarea/textarea.vue,,
packages/ui/src/components/form/field/field-values.vue,component,packages/stage-ui/src/components/form/field/remaining-fields.story.vue,,,packages/ui/src/components/form/input/input.vue,button:59 | button:72,
packages/ui/src/components/form/input/basic-input-file.vue,component,,packages/stage-ui/src/components/form/input/input-file-card.story.vue,,,input:61,
packages/ui/src/components/form/input/input-file-card.vue,component,packages/stage-ui/src/components/form/input/input-file-card.story.vue,,,packages/ui/src/components/form/input/basic-input-file.vue,,
packages/ui/src/components/form/input/input-file.vue,component,packages/stage-ui/src/components/form/input/input-file.story.vue,packages/stage-ui/src/components/form/field/field-input-file.story.vue | packages/stage-ui/src/components/scenarios/dialogs/bug-report/bug-report.story.vue,,,input:55,
packages/ui/src/components/form/input/input-key-value.vue,component,packages/stage-ui/src/components/form/input/input-key-value.story.vue,packages/stage-ui/src/components/form/field/field-key-values.story.vue,,packages/ui/src/components/form/input/input.vue,,
packages/ui/src/components/form/input/input.vue,component,packages/stage-ui/src/components/form/input/input.story.vue,packages/stage-ui/src/components/data-pane/index.story.vue | packages/stage-ui/src/components/data-pane/property-number.story.vue | packages/stage-ui/src/components/form/field/field-input-text.story.vue | packages/stage-ui/src/components/form/field/field-key-values.story.vue | packages/stage-ui/src/components/form/field/remaining-fields.story.vue | packages/stage-ui/src/components/form/input/input-key-value.story.vue | packages/stage-ui/src/components/menu/radio-card-detail.story.vue | packages/stage-ui/src/components/menu/voice-card-many-select.story.vue | packages/stage-ui/src/components/menu/voice-card.story.vue | packages/stage-ui/src/components/scenarios/providers/provider-account-id-input.story.vue | packages/stage-ui/src/components/scenarios/providers/provider-api-key-input.story.vue | packages/stage-ui/src/components/scenarios/providers/provider-base-url-input.story.vue,,,input:80 | input:93,
packages/ui/src/components/form/radio/radio.vue,component,packages/stage-ui/src/components/gadgets/audio-spectrum.story.vue,,,,input:31,
packages/ui/src/components/form/range/color-hue-range.vue,component,packages/stage-ui/src/components/form/range/color-hue-range.story.vue,,,,input:23,
packages/ui/src/components/form/range/range.vue,component,packages/stage-ui/src/components/form/range/range.story.vue,packages/stage-ui/src/components/form/field/field-range.story.vue | packages/stage-ui/src/components/gadgets/audio-spectrum.story.vue | packages/stage-ui/src/components/widgets/poppin-text/PoppinText.web.story.vue,,,input:58,
packages/ui/src/components/form/range/round-range.vue,component,packages/stage-ui/src/components/form/range/round-range.story.vue,,,,input:79,
packages/ui/src/components/form/select-tab/select-tab.vue,component,packages/stage-ui/src/components/misc/select-tab.story.vue,,,,,
packages/ui/src/components/form/select/select-option.vue,component,,packages/stage-ui/src/components/data-pane/index.story.vue | packages/stage-ui/src/components/form/field/field-select.story.vue | packages/stage-ui/src/components/form/select/select.story.vue,,,,
packages/ui/src/components/form/select/select.vue,component,packages/stage-ui/src/components/form/select/select.story.vue,packages/stage-ui/src/components/data-pane/index.story.vue | packages/stage-ui/src/components/form/field/field-select.story.vue,,packages/ui/src/components/form/select/select-option.vue,,
packages/ui/src/components/form/textarea/basic-text-area.vue,component,packages/stage-ui/src/components/form/textarea/basic.story.vue,packages/stage-ui/src/components/form/field/remaining-fields.story.vue | packages/stage-ui/src/components/form/textarea/textarea.story.vue | packages/stage-ui/src/components/scenarios/dialogs/bug-report/bug-report.story.vue,,,textarea:65,
packages/ui/src/components/form/textarea/textarea.vue,component,packages/stage-ui/src/components/form/textarea/textarea.story.vue,packages/stage-ui/src/components/form/field/remaining-fields.story.vue | packages/stage-ui/src/components/scenarios/dialogs/bug-report/bug-report.story.vue,,packages/ui/src/components/form/textarea/basic-text-area.vue,,
packages/ui/src/components/layouts/bottom-drawer.vue,component,packages/stage-ui/src/components/layouts/bottom-drawer.story.vue,,,,,
packages/ui/src/components/layouts/collapsible.vue,component,packages/stage-ui/src/components/layouts/collapsible.story.vue,packages/stage-ui/src/components/layouts/section.story.vue | packages/stage-ui/src/components/scenarios/chat/components/tool-call-shell.story.vue | packages/stage-ui/src/components/scenarios/providers/provider-advanced-settings.story.vue | packages/stage-ui/src/components/scenarios/providers/provider-settings-container.story.vue,,packages/ui/src/components/animations/transition-vertical.vue,button:26,
packages/ui/src/components/layouts/screen.vue,component,packages/stage-ui/src/components/misc/ccreen.story.vue,,,,,
packages/ui/src/components/layouts/scrollable-area.vue,component,packages/stage-ui/src/components/layouts/scrollable-area.story.vue,packages/stage-ui/src/components/misc/container-error.story.vue | packages/stage-ui/src/components/misc/error-boundary.story.vue | packages/stage-ui/src/components/scenarios/chat/components/history.story.vue | packages/stage-ui/src/components/scenarios/dialogs/bug-report/bug-report.story.vue,,,,
packages/ui/src/components/layouts/skeleton.vue,component,packages/stage-ui/src/components/misc/skeleton.story.vue,,,,,
packages/ui/src/components/layouts/truncatable.vue,component,packages/stage-ui/src/components/layouts/truncatable.story.vue,packages/stage-ui/src/components/scenarios/chat/components/history.story.vue,,,,
packages/ui/src/components/misc/avatar.vue,component,packages/stage-ui/src/components/misc/avatar.story.vue,,,,,
packages/ui/src/components/misc/basic-button.vue,component,packages/stage-ui/src/components/misc/basic-button.story.vue | packages/stage-ui/src/components/misc/swipe-actions.story.vue,packages/stage-ui/src/components/animations/transitions.story.vue | packages/stage-ui/src/components/layouts/bottom-drawer.story.vue | packages/stage-ui/src/components/layouts/collapsible.story.vue | packages/stage-ui/src/components/misc/button.story.vue | packages/stage-ui/src/components/misc/dropdown-menu.story.vue | packages/stage-ui/src/components/misc/error-boundary.story.vue | packages/stage-ui/src/components/scenarios/dialogs/model-selector/reports/live2d/modal.story.vue | packages/stage-ui/src/components/scenarios/settings/settings-bars.story.vue | packages/stage-ui/src/components/form/field/remaining-fields.story.vue | packages/stage-ui/src/components/scenarios/chat/components/tool-call-shell.story.vue | packages/stage-ui/src/components/misc/container-error.story.vue | packages/stage-ui/src/components/misc/double-check-button.story.vue | packages/stage-ui/src/components/misc/steppers/steppers.story.vue | packages/stage-ui/src/components/scenarios/chat/components/history.story.vue | packages/stage-ui/src/components/scenarios/dialogs/bug-report/bug-report.story.vue | packages/stage-ui/src/components/scenarios/status/status-capsule.story.vue | packages/stage-ui/src/components/scenarios/toasters/toaster-pwa-update-ready.story.vue | packages/stage-ui/src/components/widgets/PoppingSubtitles.web.story.vue,,packages/ui/src/components/animations/transition-bidirectional.vue,button:26,
packages/ui/src/components/misc/button.vue,component,packages/stage-ui/src/components/animations/transitions.story.vue | packages/stage-ui/src/components/layouts/bottom-drawer.story.vue | packages/stage-ui/src/components/layouts/collapsible.story.vue | packages/stage-ui/src/components/misc/button.story.vue | packages/stage-ui/src/components/misc/dropdown-menu.story.vue | packages/stage-ui/src/components/misc/error-boundary.story.vue | packages/stage-ui/src/components/scenarios/dialogs/model-selector/reports/live2d/modal.story.vue | packages/stage-ui/src/components/scenarios/settings/settings-bars.story.vue,packages/stage-ui/src/components/form/field/remaining-fields.story.vue | packages/stage-ui/src/components/misc/double-check-button.story.vue | packages/stage-ui/src/components/scenarios/dialogs/bug-report/bug-report.story.vue | packages/stage-ui/src/components/scenarios/toasters/toaster-pwa-update-ready.story.vue | packages/stage-ui/src/components/widgets/PoppingSubtitles.web.story.vue,,packages/ui/src/components/misc/basic-button.vue,,
packages/ui/src/components/misc/callout.vue,component,packages/stage-ui/src/components/layouts/callout.story.vue,packages/stage-ui/src/components/misc/alerts.story.vue,,,,
packages/ui/src/components/misc/container-error.vue,component,packages/stage-ui/src/components/misc/container-error.story.vue,packages/stage-ui/src/components/misc/error-boundary.story.vue | packages/stage-ui/src/components/scenarios/dialogs/bug-report/bug-report.story.vue,,packages/ui/src/components/layouts/scrollable-area.vue | packages/ui/src/components/misc/icon-button.vue,,
packages/ui/src/components/misc/double-check-button.vue,component,packages/stage-ui/src/components/misc/double-check-button.story.vue,,,packages/ui/src/components/misc/button.vue,,
packages/ui/src/components/misc/dropdown-menu.vue,component,packages/stage-ui/src/components/misc/dropdown-menu.story.vue,,,packages/ui/src/components/animations/animated-content.vue,,
packages/ui/src/components/misc/error-boundary.vue,component,packages/stage-ui/src/components/misc/error-boundary.story.vue,,,packages/ui/src/components/misc/container-error.vue,button:101,
packages/ui/src/components/misc/ghost-button.vue,component,packages/stage-ui/src/components/misc/button.story.vue,,,packages/ui/src/components/misc/basic-button.vue,,
packages/ui/src/components/misc/icon-button.vue,component,packages/stage-ui/src/components/misc/button.story.vue | packages/stage-ui/src/components/scenarios/chat/components/tool-call-shell.story.vue,packages/stage-ui/src/components/misc/container-error.story.vue | packages/stage-ui/src/components/misc/error-boundary.story.vue | packages/stage-ui/src/components/scenarios/chat/components/history.story.vue | packages/stage-ui/src/components/scenarios/dialogs/bug-report/bug-report.story.vue,,packages/ui/src/components/misc/basic-button.vue,,
packages/ui/src/components/misc/overlay-button.vue,component,packages/stage-ui/src/components/misc/button.story.vue,,,packages/ui/src/components/misc/basic-button.vue,,
packages/ui/src/components/misc/progress.vue,component,packages/stage-ui/src/components/misc/progress.story.vue,,,,,
packages/ui/src/components/misc/swipe-action-button.vue,component,packages/stage-ui/src/components/misc/swipe-actions.story.vue,,,packages/ui/src/components/misc/basic-button.vue,,
packages/ui/src/components/swipe-actions/swipe-actions-content.vue,component,packages/stage-ui/src/components/misc/swipe-actions.story.vue,,,,,
packages/ui/src/components/swipe-actions/swipe-actions-item.vue,component,packages/stage-ui/src/components/misc/swipe-actions.story.vue,,,,,
packages/ui/src/components/swipe-actions/swipe-actions-list.vue,component,packages/stage-ui/src/components/misc/swipe-actions.story.vue,,,,,
packages/ui/src/components/swipe-actions/swipe-actions-root.vue,component,packages/stage-ui/src/components/misc/swipe-actions.story.vue,,,,,
